description,price,rating,review_count,url
"AOC CQ34G2 Super Curved Frameless Gaming Monitor, UltraWide FHD 2560x1080, 1500R VA Panel, 1ms MPRT, 75Hz, FreeSync, Height Adjustable, 3-Yr Zero Dead Pixels Black/Silver",$299.40,4.7 out of 5 stars,"8,256",https://www.amazon.com/gp/slredirect/picassoRedirect.html/ref=pa_sp_atf_computers_sr_pg1_1?ie=UTF8&adId=A0017644VP076XASNW48&url=%2FAOC-CQ34G2-Frameless-UltraWide-Adjustable%2Fdp%2FB08632C4MS%2Fref%3Dsr_1_1_sspa%3Fdchild%3D1%26keywords%3Dultrawide%2Bmonitor%26qid%3D1620226041%26s%3Dpc%26sr%3D1-1-spons%26psc%3D1&qualifier=1620226041&id=7472582927744874&widgetName=sp_atf
"LG 34WK650-W 34"" UltraWide 21:9 IPS Monitor with HDR10 and FreeSync (2018), Black/White",$399.20,4.7 out of 5 stars,991,https://www.amazon.com/gp/slredirect/picassoRedirect.html/ref=pa_sp_atf_computers_sr_pg1_1?ie=UTF8&adId=A102645020ZZO08BEH16G&url=%2FLG-34WK650-W-34-UltraWide-21%2Fdp%2FB078GSH1LV%2Fref%3Dsr_1_2_sspa%3Fdchild%3D1%26keywords%3Dultrawide%2Bmonitor%26qid%3D1620226041%26s%3Dpc%26sr%3D1-2-spons%26psc%3D1&qualifier=1620226041&id=7472582927744874&widgetName=sp_atf
"LG 29WN600-W 29"" 21:9 UltraWide WFHD IPS HDR10 Monitor with FreeSync, Silver",$226.99,4.6 out of 5 stars,"1,647",https://www.amazon.com/LG-29WN600-W-29-21-UltraWide/dp/B0876DBCBX/ref=sr_1_3?dchild=1&keywords=ultrawide+monitor&qid=1620226041&s=pc&sr=1-3
"LG 34WN80C-B 34 inch 21:9 Curved UltraWide WQHD IPS Monitor with USB Type-C Connectivity sRGB 99 Percentage Color Gamut and HDR10 Compatibility, Black",$529.99,4.7 out of 5 stars,"2,359",https://www.amazon.com/LG-34WN80C-B-inch-Connectivity-Compatibility/dp/B07YGZ7C1K/ref=sr_1_4?dchild=1&keywords=ultrawide+monitor&qid=1620226041&s=pc&sr=1-4
"AOC CU34G2X 34"" Curved Frameless Immersive Gaming Monitor, UltraWide QHD 3440x1440, VA Panel, 1ms 144Hz Adaptive-Sync, Height Adjustable, 3-Yr Zero Dead Pixels",$439.00,4.7 out of 5 stars,"8,256",https://www.amazon.com/AOC-CU34G2X-Frameless-Immersive-Adjustable/dp/B07ZB2TNZZ/ref=sr_1_5?dchild=1&keywords=ultrawide+monitor&qid=1620226041&s=pc&sr=1-5
"Sceptre 35 Inch Curved UltraWide 21: 9 LED Creative Monitor QHD 3440x1440 Frameless AMD Freesync HDMI DisplayPort Up to 100Hz, Machine Black 2020 (C355W-3440UN)",$399.97,4.6 out of 5 stars,"2,144",https://www.amazon.com/Sceptre-C355W-3440UN-Super-Curved-Ultrawide/dp/B0812DKDD9/ref=sr_1_6?dchild=1&keywords=ultrawide+monitor&qid=1620226041&s=pc&sr=1-6
"Samsung Business CH890 Series 34 inch WQHD 3440x1440 Ultrawide Curved Desktop Monitor for Business, 100 Hz, USB-C, HDMI, DP, 3 Year Warranty (LC34H890WGNXGO), Black/Titanium",$572.95,4.5 out of 5 stars,564,https://www.amazon.com/Samsung-Business-3440x1440-Ultrawide-LC34H890WGNXGO/dp/B08623SZH9/ref=sr_1_7?dchild=1&keywords=ultrawide+monitor&qid=1620226041&s=pc&sr=1-7
"SAMSUNG LC34J791WTNXZA 34-Inch CJ791 Ultrawide Curved Gaming Monitor, White",$670.92,4.5 out of 5 stars,942,https://www.amazon.com/Samsung-CJ791-Thunderbolt-Curved-Monitor/dp/B07CS3JB5K/ref=sr_1_8?dchild=1&keywords=ultrawide+monitor&qid=1620226041&s=pc&sr=1-8
,,,,
"Gigabyte G34WQC 34"" 144Hz Ultra-Wide Curved Gaming Monitor, 3440 x 1440 VA 1500R Display, 1ms (MPRT) Response Time, 90% DCI-P3, VESA Display HDR400, FreeSync Premium, Black (G34WQC-SA)",$419.99,4.6 out of 5 stars,"2,193",https://www.amazon.com/Gigabyte-Ultra-Wide-Response-FreeSync-G34WQC-SA/dp/B08GFN64F2/ref=sr_1_10?dchild=1&keywords=ultrawide+monitor&qid=1620226041&s=pc&sr=1-10
"Sceptre IPS 27-Inch Business Computer Monitor 1080p 75Hz with HDMI VGA Build-in Speakers, Machine Black 2020 (E275W-FPT)",$160.19,4.6 out of 5 stars,"1,897",https://www.amazon.com/gp/slredirect/picassoRedirect.html/ref=pa_sp_mtf_computers_sr_pg1_1?ie=UTF8&adId=A07621481SJQSXKZFPOYW&url=%2FSceptre-Business-Computer-Speakers-e275W-FPT%2Fdp%2FB089BTLL9K%2Fref%3Dsr_1_11_sspa%3Fdchild%3D1%26keywords%3Dultrawide%2Bmonitor%26qid%3D1620226041%26s%3Dpc%26sr%3D1-11-spons%26psc%3D1&qualifier=1620226041&id=7472582927744874&widgetName=sp_mtf
"Philips 343E2E 34"" Frameless IPS Monitor, UltraWide Full HD 2560x1080, 123% sRGB/109% NTSC, 1ms 75Hz FreeSync, USB-C (w/PD up to 65W), Height Adjustable, VESA, 4Yr Advance Replacement",$319.99,4.6 out of 5 stars,"8,163",https://www.amazon.com/Philips-343E2E-Frameless-Adjustable-Replacement/dp/B08KFM88N2/ref=sr_1_12?dchild=1&keywords=ultrawide+monitor&qid=1620226041&s=pc&sr=1-12
"SAMSUNG 34-Inch SJ55W Ultrawide Gaming Monitor (LS34J550WQNXZA) – 75Hz Refresh, WQHD Computer Monitor, 3440 x 1440p Resolution, 4ms Response, FreeSync, Split Screen, HDMI, Black",$399.99,4.5 out of 5 stars,574,https://www.amazon.com/Samsung-S34J55W-34-Inch-Ultrawide-LS34J550WQNXZA/dp/B07FBS36W2/ref=sr_1_13?dchild=1&keywords=ultrawide+monitor&qid=1620226041&s=pc&sr=1-13
"Acer Nitro XZ342CK Pbmiiphx 34"" 1500R Curved WQHD (3440 x 1440) VA Gaming Monitor with AMD Radeon Freesync, VESA Certified DisplayHDR400, 95% sRGB, 144Hz, 1ms VRB (Display Port & 2 x HDMI 2.0 Ports)",$449.99,4.5 out of 5 stars,857,https://www.amazon.com/Acer-XZ342CK-Pbmiiphx-Certified-DisplayHDR400/dp/B08BW3XS12/ref=sr_1_14?dchild=1&keywords=ultrawide+monitor&qid=1620226041&s=pc&sr=1-14
"LG 29WP60G-B 29 Inch 21:9 UltraWide Full HD (2560 x 1080) IPS Monitor with sRGB 99% Color Gamut and HDR 10, USB Type-C Connectivity and 3-Side Virtually Borderless Display, Black",$246.99,4.6 out of 5 stars,"1,124",https://www.amazon.com/LG-29WP60G-B-Inch-Connectivity-Borderless/dp/B08V86LGBS/ref=sr_1_15?dchild=1&keywords=ultrawide+monitor&qid=1620226041&s=pc&sr=1-15
"LG 32UD60-B 4K UHD FreeSync Monitor with Height Adjustable Stand, Black",$349.99,4.5 out of 5 stars,444,https://www.amazon.com/gp/slredirect/picassoRedirect.html/ref=pa_sp_mtf_computers_sr_pg1_1?ie=UTF8&adId=A01137602RMCOW4MYR0R2&url=%2FLG-32UD60-B-UHD-Monitor-FreeSync%2Fdp%2FB079H5Z4S8%2Fref%3Dsr_1_16_sspa%3Fdchild%3D1%26keywords%3Dultrawide%2Bmonitor%26qid%3D1620226041%26s%3Dpc%26sr%3D1-16-spons%26psc%3D1&qualifier=1620226041&id=7472582927744874&widgetName=sp_mtf
"LG 34WK650-W 34"" UltraWide 21:9 IPS Monitor with HDR10 and FreeSync (2018), Black/White",$399.20,4.7 out of 5 stars,991,https://www.amazon.com/LG-34WK650-W-34-UltraWide-21/dp/B078GSH1LV/ref=sr_1_17?dchild=1&keywords=ultrawide+monitor&qid=1620226041&s=pc&sr=1-17
,,,,
"SAMSUNG 34-Inch Odyssey G5 Ultra-Wide Gaming Monitor with 1000R Curved Screen, 165Hz, 1ms, FreeSync Premium, WQHD (LC34G55TWWNXZA, 2020 Model), Black",$599.99,4.5 out of 5 stars,"2,945",https://www.amazon.com/SAMSUNG-34-Inch-Ultra-Wide-FreeSync-LC34G55TWWNXZA/dp/B08MVBYWGQ/ref=sr_1_19?dchild=1&keywords=ultrawide+monitor&qid=1620226041&s=pc&sr=1-19
LG 25UM58-P 25'' UltraWide 21:9 IPS Full HD Monitor with sRGB 99% and On-Screen Control with Screen Split,$149.99,4.5 out of 5 stars,"3,714",https://www.amazon.com/LG-25UM58-P-25-Inch-21-UltraWide/dp/B01BV1XB2K/ref=sr_1_20?dchild=1&keywords=ultrawide+monitor&qid=1620226041&s=pc&sr=1-20
"Sceptre IPS 24-Inch Business Computer Monitor 1080p 75Hz with HDMI VGA Build-in Speakers, Machine Black (E248W-FPT)",$129.97,4.7 out of 5 stars,"1,755",https://www.amazon.com/gp/slredirect/picassoRedirect.html/ref=pa_sp_btf_computers_sr_pg1_1?ie=UTF8&adId=A03711302FSURVRL87DTU&url=%2FSceptre-Business-Computer-Speakers-E248W-FPT%2Fdp%2FB087QRW81Z%2Fref%3Dsr_1_21_sspa%3Fdchild%3D1%26keywords%3Dultrawide%2Bmonitor%26qid%3D1620226041%26s%3Dpc%26sr%3D1-21-spons%26psc%3D1&qualifier=1620226041&id=7472582927744874&widgetName=sp_btf
"LG 27GL83A-B 27 Inch Ultragear QHD IPS 1ms NVIDIA G-SYNC Compatible Gaming Monitor, Black",$379.99,4.8 out of 5 stars,"6,578",https://www.amazon.com/gp/slredirect/picassoRedirect.html/ref=pa_sp_btf_computers_sr_pg1_1?ie=UTF8&adId=A0536574119IRIW42J2FC&url=%2FLG-27GL83A-B-Ultragear-Compatible-Monitor%2Fdp%2FB07YGZL8XF%2Fref%3Dsr_1_22_sspa%3Fdchild%3D1%26keywords%3Dultrawide%2Bmonitor%26qid%3D1620226041%26s%3Dpc%26sr%3D1-22-spons%26psc%3D1&qualifier=1620226041&id=7472582927744874&widgetName=sp_btf
"LG 49WL95C-WE 49 Inch 32:9 Curved DQHD (5120 x 1440) IPS UltraWide Monitor with HDR10, USB-C and 3-Side Virtually Borderless Display, Silver","$1,496.99",4.4 out of 5 stars,462,https://www.amazon.com/LG-49WL95C-WE-Inch-UltraWide-Borderless/dp/B08TTWTCML/ref=sr_1_23?dchild=1&keywords=ultrawide+monitor&qid=1620226041&s=pc&sr=1-23
"Sceptre Curved 30"" 21:9 Gaming LED Monitor 2560x1080p UltraWide Ultra Slim HDMI DisplayPort Up to 85Hz MPRT 1ms FPS-RTS Build-in Speakers, Machine Black (C305W-2560UN)",$238.17,4.6 out of 5 stars,"2,201",https://www.amazon.com/Sceptre-C305W-2560UN-30-inch-DisplayPort-Build/dp/B07XZNXWGS/ref=sr_1_24?dchild=1&keywords=ultrawide+monitor&qid=1620226041&s=pc&sr=1-24
,,,,
"LG 34GL750-B 34 Inch 21: 9 Ultragear Curved Wfhd (2560 X 1080) IPS 144Hz G-SYNC Compatible Gaming Monitor,Black",$449.99,4.5 out of 5 stars,"1,414",https://www.amazon.com/LG-34GL750-B-inch-Ultragear-Compatible/dp/B07R5R9VR9/ref=sr_1_26?dchild=1&keywords=ultrawide+monitor&qid=1620226041&s=pc&sr=1-26
"Sceptre 30-inch Curved Gaming Monitor 21:9 2560x1080 Ultra Wide Ultra Slim HDMI DisplayPort up to 200Hz Build-in Speakers, Metal Black (C305B-200UN)",$349.97,4.6 out of 5 stars,"6,627",https://www.amazon.com/Sceptre-30-inch-Curved-Gaming-Monitor/dp/B07TXM7K4T/ref=sr_1_27?dchild=1&keywords=ultrawide+monitor&qid=1620226041&s=pc&sr=1-27
"Monoprice 35in Zero-G Curved Ultrawide Gaming Monitor - 21:9, 1800R, UWQHD, 3440x1440p, 100Hz (120Hz OC), 4ms, AMD FreeSync, HDMI, DisplayPort, VA",$329.99,4.5 out of 5 stars,90,https://www.amazon.com/Monoprice-Zero-G-Curved-Gaming-Monitor/dp/B07SH173T9/ref=sr_1_28?dchild=1&keywords=ultrawide+monitor&qid=1620226041&s=pc&sr=1-28
"LG 34WN650-W 34-Inch 21:9 UltraWide Full HD (2560 x 1080) IPS Display with VESA DisplayHDR 400 and AMD FreeSync, Silver",$346.99,4.7 out of 5 stars,373,https://www.amazon.com/LG-34WN650-W-34-Inch-UltraWide-DisplayHDR/dp/B087JB656Q/ref=sr_1_29?dchild=1&keywords=ultrawide+monitor&qid=1620226041&s=pc&sr=1-29
,,,,
"LG 27UL500-W 27-Inch UHD (3840 x 2160) IPS Monitor with Radeon Freesync Technology and HDR10, White",$345.49,4.7 out of 5 stars,"1,622",https://www.amazon.com/gp/slredirect/picassoRedirect.html/ref=pa_sp_atf_next_computers_sr_pg2_1?ie=UTF8&adId=A0745502387QBH5ODOUYK&url=%2FLG-27UL500-W-27-Inch-Freesync-Technology%2Fdp%2FB07PGL2WVS%2Fref%3Dsr_1_25_sspa%3Fdchild%3D1%26keywords%3Dultrawide%2Bmonitor%26qid%3D1620226047%26s%3Dpc%26sr%3D1-25-spons%26psc%3D1&qualifier=1620226047&id=6846256353817464&widgetName=sp_atf_next
"Belkin Thunderbolt 3 Dock Mini W/ Thunderbolt 3 Cable (Thunderbolt Dock for MacOS and Windows USB-C Laptops, Dual 4K @60Hz, 40Gbps Transfer Speeds)",$134.00,4.0 out of 5 stars,"1,345",https://www.amazon.com/gp/slredirect/picassoRedirect.html/ref=pa_sp_atf_next_computers_sr_pg2_1?ie=UTF8&adId=A05689631FTC4WG8VPW8P&url=%2FBelkin-Thunderbolt-Windows-Laptops-Transfer%2Fdp%2FB07R5CB6HY%2Fref%3Dsr_1_26_sspa%3Fdchild%3D1%26keywords%3Dultrawide%2Bmonitor%26qid%3D1620226047%26s%3Dpc%26sr%3D1-26-spons%26psc%3D1&qualifier=1620226047&id=6846256353817464&widgetName=sp_atf_next
LG 34WN780-B 34 Inch 21:9 UltraWide QHD (3440 x 1440) Display Ergo with 3-Side Virtually Borderless Design and AMD FreeSync - Black,$596.99,4.6 out of 5 stars,440,https://www.amazon.com/LG-34WN780-B-Inch-UltraWide-Borderless/dp/B08HR3TM4Z/ref=sr_1_27?dchild=1&keywords=ultrawide+monitor&qid=1620226047&s=pc&sr=1-27
"Philips 346E2CUAE 34"" Curved Frameless Monitor, UltraWide QHD 3440x1440 @ 100Hz, 121% sRGB, 1ms MPRT, USB-C Docking, MultiView PIP/PBP, Height Adjustable, 4Yr Advance Replacement",$429.99,4.3 out of 5 stars,42,https://www.amazon.com/346E2CUAE-Frameless-UltraWide-Adjustable-Replacement/dp/B08KFSMGJ8/ref=sr_1_28?dchild=1&keywords=ultrawide+monitor&qid=1620226047&s=pc&sr=1-28
BenQ EX3501R Ultrawide Curved Gaming Monitor | 34 inch class (35 Inch) | 21:9 QHD (3440 X 1440) | 100Hz | HDR | FreeSync,$649.98,4.5 out of 5 stars,314,https://www.amazon.com/BenQ-EX3501R-Multi-Tasking-Brightness-Technology/dp/B077P62F8X/ref=sr_1_29?dchild=1&keywords=ultrawide+monitor&qid=1620226047&s=pc&sr=1-29
,,,,
,,,,
"Sceptre 34-inch Curved UltraWide 21: 9 Creative LED Monitor 2560x1080 Frameless HDMI DisplayPort Up to 100Hz, Machine Black 2020 (C345W-2560UN)",$342.26,4.7 out of 5 stars,"1,087",https://www.amazon.com/Sceptre-C345W-2560UN-34-inch-Curved-Ultrawide/dp/B0812DHWCJ/ref=sr_1_32?dchild=1&keywords=ultrawide+monitor&qid=1620226047&s=pc&sr=1-32
,,,,
,,,,
,,,,
"LG 32QK500-C 32-Inch Class QHD LED IPS Monitor with Radeon FreeSync (31.5"" Diagonal) Silver",$249.99,4.7 out of 5 stars,718,https://www.amazon.com/LG-32QK500-C-32-Inch-FreeSync-Diagonal/dp/B07YGZRQ98/ref=sr_1_36?dchild=1&keywords=ultrawide+monitor&qid=1620226047&s=pc&sr=1-36
,,,,
,,,,
"AOC CU34G2X 34"" Curved Frameless Immersive Gaming Monitor, UltraWide QHD 3440x1440, VA Panel, 1ms 144Hz Adaptive-Sync, Height Adjustable, 3-Yr Zero Dead Pixels",$439.00,4.7 out of 5 stars,"8,256",https://www.amazon.com/gp/slredirect/picassoRedirect.html/ref=pa_sp_mtf_computers_sr_pg2_1?ie=UTF8&adId=A060626622SHHX5WYAZNR&url=%2FAOC-CU34G2X-Frameless-Immersive-Adjustable%2Fdp%2FB07ZB2TNZZ%2Fref%3Dsr_1_39_sspa%3Fdchild%3D1%26keywords%3Dultrawide%2Bmonitor%26qid%3D1620226047%26s%3Dpc%26sr%3D1-39-spons%26psc%3D1&qualifier=1620226047&id=6846256353817464&widgetName=sp_mtf
ViewSonic VX3276-MHD 32 Inch 1080p Frameless Widescreen IPS Monitor with Screen Split Capability HDMI and DisplayPort,$242.04,4.7 out of 5 stars,"4,961",https://www.amazon.com/gp/slredirect/picassoRedirect.html/ref=pa_sp_mtf_computers_sr_pg2_1?ie=UTF8&adId=A00041523HCCRD7XD83NQ&url=%2FViewSonic-VX3276-MHD-Frameless-Widescreen-DisplayPort%2Fdp%2FB0787WGCXT%2Fref%3Dsr_1_40_sspa%3Fdchild%3D1%26keywords%3Dultrawide%2Bmonitor%26qid%3D1620226047%26s%3Dpc%26sr%3D1-40-spons%26psc%3D1&qualifier=1620226047&id=6846256353817464&widgetName=sp_mtf
,,,,
"ASUS VP348QGL 34” Ultra-Wide Freesync HDR Gaming Monitor 75Hz 1440P Eye Care DisplayPort HDMI,Black",$378.11,4.6 out of 5 stars,652,https://www.amazon.com/VP348QGL-Ultra-Wide-Freesync-Monitor-DisplayPort/dp/B07WYC3FY4/ref=sr_1_42?dchild=1&keywords=ultrawide+monitor&qid=1620226047&s=pc&sr=1-42
"LG 34WN750-B 34"" 21:9 WQHD (3440 x 1440) IPS Display with AMD FreeSync Technology and Multi-Tasking with OnScreen Control, 3-Side Virtually Borderless Design and Tilt/Height Adjustable Stand - Black",$496.99,4.6 out of 5 stars,60,https://www.amazon.com/LG-34WN750-B-Technology-Multi-Tasking-Borderless/dp/B08BCR1SJS/ref=sr_1_43?dchild=1&keywords=ultrawide+monitor&qid=1620226047&s=pc&sr=1-43
,,,,
"Acer Nitro XV340CK Pbmiipphzx 34"" QHD (3440 x 1440) IPS Gaming Monitor with AMD Radeon FREESYNC, 144Hz, 1ms VRB, HDR10 Technology, (2 x Display Ports, 2 x HDMI 2.0 & 2 x USB 3.0 Ports), Black",$419.00,4.4 out of 5 stars,246,https://www.amazon.com/Acer-XV340CK-Pbmiipphzx-FREESYNC-Technology/dp/B08BG4GWRL/ref=sr_1_45?dchild=1&keywords=ultrawide+monitor&qid=1620226047&s=pc&sr=1-45
"ASUS TUF Gaming VG34VQL1B 34” Curved HDR Monitor, WQHD (3440x1440), 165Hz, 1ms, Extreme Low Motion Blur, FreeSync Premium, Eye Care, DisplayPort HDMI USB, Height Adjustable, DisplayHDR 400, Black",$499.00,4.4 out of 5 stars,196,https://www.amazon.com/ASUS-VG34VQL1B-DisplayPort-Adjustable-DisplayHDR/dp/B08LCMYT54/ref=sr_1_46?dchild=1&keywords=ultrawide+monitor&qid=1620226047&s=pc&sr=1-46
"LG 27GL83A-B 27 Inch Ultragear QHD IPS 1ms NVIDIA G-SYNC Compatible Gaming Monitor, Black",$379.99,4.8 out of 5 stars,"6,578",https://www.amazon.com/LG-27GL83A-B-Ultragear-Compatible-Monitor/dp/B07YGZL8XF/ref=sr_1_47?dchild=1&keywords=ultrawide+monitor&qid=1620226047&s=pc&sr=1-47
,,,,
ViewSonic VA3456-MHDJ 34 Inch 21:9 UltraWide WQHD 1440p Monitor Frameless IPS with Ergonomics Design HDMI and DisplayPort Inputs for Home and Office,$399.99,4.7 out of 5 stars,736,https://www.amazon.com/ViewSonic-VA3456-MHDJ-Inch-Ergonomics-DisplayPort/dp/B08TKGWGCW/ref=sr_1_49?dchild=1&keywords=ultrawide+monitor&qid=1620226047&s=pc&sr=1-49
ViewSonic VX3276-MHD 32 Inch 1080p Frameless Widescreen IPS Monitor with Screen Split Capability HDMI and DisplayPort,$242.04,4.7 out of 5 stars,"4,961",https://www.amazon.com/ViewSonic-VX3276-MHD-Frameless-Widescreen-DisplayPort/dp/B0787WGCXT/ref=sr_1_50?dchild=1&keywords=ultrawide+monitor&qid=1620226047&s=pc&sr=1-50
"MSI Non-Glare Ultrawide 21: 9 Screen 8ms 3440 X 1440 100Hz Freesync 3K Resolution 34"" Curved Gaming Monitor (Optix MAG341CQ)",$399.99,4.4 out of 5 stars,477,https://www.amazon.com/MSI-Non-Glare-UltraWide-21-Resolution/dp/B07G5FCR6X/ref=sr_1_51?dchild=1&keywords=ultrawide+monitor&qid=1620226047&s=pc&sr=1-51
,,,,
"LG 32QN600-B 32-Inch QHD (2560 x 1440) IPS Monitor with HDR 10, AMD FreeSync with Dual HDMI Inputs, Black",$249.99,4.7 out of 5 stars,"1,529",https://www.amazon.com/gp/slredirect/picassoRedirect.html/ref=pa_sp_btf_computers_sr_pg2_1?ie=UTF8&adId=A00148341G34MY7LTAWCS&url=%2FLG-32QN600-B-32-Inch-Monitor-FreeSync%2Fdp%2FB088YN9LBK%2Fref%3Dsr_1_53_sspa%3Fdchild%3D1%26keywords%3Dultrawide%2Bmonitor%26qid%3D1620226047%26s%3Dpc%26sr%3D1-53-spons%26psc%3D1&qualifier=1620226047&id=6846256353817464&widgetName=sp_btf
"BenQ Screenbar E-Reading LED Monitor Light/ Monitor Lamp with Auto-Dimming and Hue Adjustment Features, Matte Black USB Powered Office Lamp (ScreenBar_Black) Complements with backlight/RGB setups",$109.00,4.7 out of 5 stars,"1,977",https://www.amazon.com/gp/slredirect/picassoRedirect.html/ref=pa_sp_btf_computers_sr_pg2_1?ie=UTF8&adId=A07229821BPISXCFPX04D&url=%2FBenQ-ScreenBar-Auto-Dimming-Adjustment-ScreenBar_Black%2Fdp%2FB076VNFZJG%2Fref%3Dsr_1_54_sspa%3Fdchild%3D1%26keywords%3Dultrawide%2Bmonitor%26qid%3D1620226047%26s%3Dpc%26sr%3D1-54-spons%26psc%3D1&qualifier=1620226047&id=6846256353817464&widgetName=sp_btf
ViewSonic ELITE XG240R 24 Inch 1080p 1ms 144Hz RGB Gaming Monitor with FreeSync Premium Eye Care Advanced Ergonomics for Esports,$259.99,4.7 out of 5 stars,"1,246",https://www.amazon.com/gp/slredirect/picassoRedirect.html/ref=pa_sp_atf_next_computers_sr_pg3_1?ie=UTF8&adId=A0178573144CJOWJFLX99&url=%2FViewSonic-XG240R-FreeSync-Advanced-Ergonomics%2Fdp%2FB07L53SFGG%2Fref%3Dsr_1_49_sspa%3Fdchild%3D1%26keywords%3Dultrawide%2Bmonitor%26qid%3D1620226053%26s%3Dpc%26sr%3D1-49-spons%26psc%3D1&qualifier=1620226053&id=8183236870027206&widgetName=sp_atf_next
"StarTech.com USB-C 4K Triple Display Laptop Docking Station with DisplayPort & HDMI - 60W PD - USB 3.1 Dock for Windows & MacBook Pro (DK30CH2DPPD), Black, silver",$246.97,4.2 out of 5 stars,330,https://www.amazon.com/gp/slredirect/picassoRedirect.html/ref=pa_sp_atf_next_computers_sr_pg3_1?ie=UTF8&adId=A02960932J8G3NHEGQ0XZ&url=%2FStarTech-com-Docking-60W-Power-Delivery-Ethernet%2Fdp%2FB073X4V5FF%2Fref%3Dsr_1_50_sspa%3Fdchild%3D1%26keywords%3Dultrawide%2Bmonitor%26qid%3D1620226053%26s%3Dpc%26sr%3D1-50-spons%26psc%3D1&qualifier=1620226053&id=8183236870027206&widgetName=sp_atf_next
,,,,
"AOC U2790VQ 27"" 4K 3840x2160 UHD Frameless Monitor, IPS, 5ms, 1 Billion+ Colors, 108% sRGB, VESA",$269.99,4.4 out of 5 stars,"1,125",https://www.amazon.com/AOC-U2790VQ-3840x2160-Frameless-DisplayPort/dp/B07LBM2DCC/ref=sr_1_52?dchild=1&keywords=ultrawide+monitor&qid=1620226053&s=pc&sr=1-52
"ViewSonic VG3448 34 Inch Ultra-Wide 21:9 WQHD Ergonomic Monitor with HDMI DisplayPort USB, 40 Degree Tilt and FreeSync for Home and Office",$497.26,4.7 out of 5 stars,"1,208",https://www.amazon.com/ViewSonic-VG3448-Inch-Ultra-Wide-DisplayPort/dp/B07S3ZYP94/ref=sr_1_53?dchild=1&keywords=ultrawide+monitor&qid=1620226053&s=pc&sr=1-53
"Dark Matter by Monoprice 34in Curved Ultrawide Gaming Monitor - 21:9, 1500R, UWQHD, 3440x1440p, 144Hz, 4ms GTG, DisplayHDR 400, AMD FreeSync, Height Adjustable Stand, Quantum Dot, VA, Black (140776)",$495.98,4.6 out of 5 stars,29,https://www.amazon.com/Matter-Monoprice-Curved-Ultrawide-Monitor/dp/B088LX5K32/ref=sr_1_54?dchild=1&keywords=ultrawide+monitor&qid=1620226053&s=pc&sr=1-54
,,,,
"Lenovo G34w-10 34-Inch WQHD Curved Gaming Monitor, 21:9 Ultra-Wide, 3 Side NearEdgeless, 3440 x 1440, AMD FreeSync, 144Hz, HDMI, DP, Adjustable Stand, VESA, 66A1GCCBUS, Black",$459.99,4.3 out of 5 stars,61,https://www.amazon.com/Lenovo-G34w-10-34-Inch-Curved-Monitor/dp/B084R2XYM9/ref=sr_1_56?dchild=1&keywords=ultrawide+monitor&qid=1620226053&s=pc&sr=1-56
"AOC CU32V3 32"" Super-Curved 4K UHD monitor, 1500R Curved VA, 4ms, 121% sRGB Coverage / 90% DCI-P3, HDMI 2.0/DisplayPort, VESA, Black",$389.99,4.6 out of 5 stars,416,https://www.amazon.com/AOC-CU32V3-Super-Curved-Coverage-DisplayPort/dp/B083TDZJD7/ref=sr_1_57?dchild=1&keywords=ultrawide+monitor&qid=1620226053&s=pc&sr=1-57
"MSI Non-Glare Ultra Wide 21: 9 Aspect ratio 3440 X 1440 (Uwqhd) 144Hz Refresh Rate 1ms HDR 400 3K Resolution 34"" Freesync Curved Gaming Monitor (OPTIX MPG341CQR),Black",$659.99,4.5 out of 5 stars,276,https://www.amazon.com/MSI-Non-Glare-Ultra-Wide-Resolution/dp/B07V4H1FLF/ref=sr_1_58?dchild=1&keywords=ultrawide+monitor&qid=1620226053&s=pc&sr=1-58
,,,,
"LG 32UD60-B 4K UHD FreeSync Monitor with Height Adjustable Stand, Black",$349.99,4.5 out of 5 stars,444,https://www.amazon.com/LG-32UD60-B-UHD-Monitor-FreeSync/dp/B079H5Z4S8/ref=sr_1_60?dchild=1&keywords=ultrawide+monitor&qid=1620226053&s=pc&sr=1-60
"Acer CB342CK smiiphzx 34"" UltraWide QHD (3440 x 1440) IPS Zero Frame Monitor with AMD Radeon FREESYNC Technology - HDR Ready, 1ms VRB, 75Hz Refresh, Silver",$399.99,4.2 out of 5 stars,25,https://www.amazon.com/Acer-CB342CK-smiiphzx-UltraWide-Technology/dp/B07ZL57G3Z/ref=sr_1_61?dchild=1&keywords=ultrawide+monitor&qid=1620226053&s=pc&sr=1-61
"Sceptre IPS 27-Inch Business Computer Monitor 1080p 75Hz with HDMI VGA Build-in Speakers, Machine Black 2020 (E275W-FPT)",$160.19,4.6 out of 5 stars,"1,897",https://www.amazon.com/Sceptre-Business-Computer-Speakers-e275W-FPT/dp/B089BTLL9K/ref=sr_1_62?dchild=1&keywords=ultrawide+monitor&qid=1620226053&s=pc&sr=1-62
ViewSonic VX2276-SMHD 22 Inch 1080p Frameless Widescreen IPS Monitor with HDMI and DisplayPort,$129.99,4.6 out of 5 stars,"1,700",https://www.amazon.com/gp/slredirect/picassoRedirect.html/ref=pa_sp_mtf_computers_sr_pg3_1?ie=UTF8&adId=A0004488J7FI71YMOYMB&url=%2FViewSonic-VX2276-SMHD-Frameless-Widescreen-DisplayPort%2Fdp%2FB01GE9QSVK%2Fref%3Dsr_1_63_sspa%3Fdchild%3D1%26keywords%3Dultrawide%2Bmonitor%26qid%3D1620226053%26s%3Dpc%26sr%3D1-63-spons%26psc%3D1&qualifier=1620226053&id=8183236870027206&widgetName=sp_mtf
"ViewSonic VP2768-4K PRO Professional 27 Inch 4K Monitor with 100% sRGB Rec709 14-bit 3D LUT Color Calibration for Photography and Graphic Design, Black",$499.99,4.5 out of 5 stars,957,https://www.amazon.com/gp/slredirect/picassoRedirect.html/ref=pa_sp_mtf_computers_sr_pg3_1?ie=UTF8&adId=A09660532IBJHDDX88EA6&url=%2FViewSonic-VP2768-4K-Professional-Calibration-Photography%2Fdp%2FB07FDMGBQ1%2Fref%3Dsr_1_64_sspa%3Fdchild%3D1%26keywords%3Dultrawide%2Bmonitor%26qid%3D1620226053%26s%3Dpc%26sr%3D1-64-spons%26psc%3D1&qualifier=1620226053&id=8183236870027206&widgetName=sp_mtf
,,,,
"Alienware AW3420DW NEW Curved 34 Inch WQHD 3440 X 1440 120Hz, Monitor, Lunar Light",$992.99,4.7 out of 5 stars,"1,214",https://www.amazon.com/Alienware-Curved-NVIDIA-Edgelight-Monitor/dp/B07YLGH9Q5/ref=sr_1_66?dchild=1&keywords=ultrawide+monitor&qid=1620226053&s=pc&sr=1-66
"LG 24MP88HV-S 24-Inch IPS Monitor with Infinity Display 2.5mm Bezel, Black",$199.99,4.5 out of 5 stars,580,https://www.amazon.com/LG-24MP88HV-S-24-Inch-Monitor-Infinity/dp/B01BX3FCJG/ref=sr_1_67?dchild=1&keywords=ultrawide+monitor&qid=1620226053&s=pc&sr=1-67
"LG 34WL850-W 34 inch 21: 9 UltraWide QHD Nano IPS Monitor with Thunderbolt 3, Silver/White",$796.99,4.3 out of 5 stars,142,https://www.amazon.com/LG-34WL850-W-inch-UltraWide-Thunderbolt/dp/B07Q3X33Q1/ref=sr_1_68?dchild=1&keywords=ultrawide+monitor&qid=1620226053&s=pc&sr=1-68
"SAMSUNG LU32R590CWNXZA 32-Inch UR590C UHD 4K Curved Gaming Monitor, Dark Blue Gray",$419.99,4.5 out of 5 stars,937,https://www.amazon.com/Samsung-U32R590-Curved-Monitor-LU32R590CWNXZA/dp/B07L9G1BFX/ref=sr_1_69?dchild=1&keywords=ultrawide+monitor&qid=1620226053&s=pc&sr=1-69
,,,,
"MSI 32"" FHD 1500R Curvature Non-Glare Super Narrow Bezel 1ms 1920 x 1080 165Hz Refresh Rate Tilt Adjustment FreeSync Curved Gaming Monitor (Optix G32C4), Black",$239.99,4.7 out of 5 stars,165,https://www.amazon.com/MSI-Curvature-Adjustment-Optix-G32C4/dp/B086VSG5TR/ref=sr_1_71?dchild=1&keywords=ultrawide+monitor&qid=1620226053&s=pc&sr=1-71
,,,,
"LG 27UL850-W 27 Inch UHD (3840 x 2160) IPS Display with VESA DisplayHDR 400 and USB Type-C Connectivity, White",$496.94,4.6 out of 5 stars,"1,188",https://www.amazon.com/LG-27UL850-W-Display-DisplayHDR-Connectivity/dp/B07MKT1W65/ref=sr_1_73?dchild=1&keywords=ultrawide+monitor&qid=1620226053&s=pc&sr=1-73
,,,,
,,,,
"SAMSUNG SH850 Series 27 inch QHD 2560x1440 Desktop Monitor for Business (in Black) with USB-C, HDMI, DisplayPort, 3-Year Warranty , TAA (S27H850QFN)",$361.00,4.1 out of 5 stars,65,https://www.amazon.com/Samsung-LS27H850QFNXGO-SH850-27-Monitor/dp/B071Y6PHY3/ref=sr_1_76?dchild=1&keywords=ultrawide+monitor&qid=1620226053&s=pc&sr=1-76
"ViewSonic VP2785-4K 27 Inch 4K Monitor USB C 99% AdobeRGB 100% Rec.709 HDR10 14-Bit 3D LUT Color Calibration for Photography and Graphic Design , Black",$899.99,4.4 out of 5 stars,568,https://www.amazon.com/gp/slredirect/picassoRedirect.html/ref=pa_sp_atf_next_computers_sr_pg4_1?ie=UTF8&adId=A09658973NJRUMKPQLKDX&url=%2FViewSonic-VP2785-4K-AdobeRGB-Calibration-Photography%2Fdp%2FB0748DGHSG%2Fref%3Dsr_1_73_sspa%3Fdchild%3D1%26keywords%3Dultrawide%2Bmonitor%26qid%3D1620226059%26s%3Dpc%26sr%3D1-73-spons%26psc%3D1&qualifier=1620226059&id=1615337487907848&widgetName=sp_atf_next
LG 35WN65C-B 35'' Curved UltraWide QHD HDR Monitor with FreeSync,$579.99,4.3 out of 5 stars,20,https://www.amazon.com/LG-35WN65C-B-UltraWide-Monitor-FreeSync/dp/B08D6NVLDD/ref=sr_1_74?dchild=1&keywords=ultrawide+monitor&qid=1620226059&s=pc&sr=1-74
"LG 32QN600-B 32-Inch QHD (2560 x 1440) IPS Monitor with HDR 10, AMD FreeSync with Dual HDMI Inputs, Black",$249.99,4.7 out of 5 stars,"1,529",https://www.amazon.com/LG-32QN600-B-32-Inch-Monitor-FreeSync/dp/B088YN9LBK/ref=sr_1_75?dchild=1&keywords=ultrawide+monitor&qid=1620226059&s=pc&sr=1-75
"LG 29"" 29WK500-P LED IPS LCD Monitor Dual HDMI UltraWide 21:9 AMD FreeSync Screen Split 2.0 - Black",$255.33,4.6 out of 5 stars,81,https://www.amazon.com/LG-29WK500-P-Monitor-Dual-UltraWide/dp/B07BBT5M8T/ref=sr_1_76?dchild=1&keywords=ultrawide+monitor&qid=1620226059&s=pc&sr=1-76
"ASUS VP28UQG 28"" Monitor 4K/UHD 3840x2160 1ms DP HDMI Adaptive Sync/FreeSync Eye Care Monitor , Black",$249.99,4.5 out of 5 stars,"2,031",https://www.amazon.com/VP28UQG-Monitor-3840x2160-Adaptive-FreeSync/dp/B074PK4R2H/ref=sr_1_77?dchild=1&keywords=ultrawide+monitor&qid=1620226059&s=pc&sr=1-77
"Sceptre E248W-19203R 24"" Ultra Thin 75Hz 1080p LED Monitor 2x HDMI VGA Build-in Speakers, Metallic Black 2018",$119.99,4.6 out of 5 stars,"13,681",https://www.amazon.com/Sceptre-E248W-19203R-Monitor-Speakers-Metallic/dp/B0773ZY26F/ref=sr_1_78?dchild=1&keywords=ultrawide+monitor&qid=1620226059&s=pc&sr=1-78
,,,,
"LG 29UM69G-B 29"" FreeSync IPS WFHD Ultrawide Gaming Monitor",$261.16,4.4 out of 5 stars,28,https://www.amazon.com/LG-29UM69G-B-FreeSync-Ultrawide-Monitor/dp/B06Y634VP9/ref=sr_1_80?dchild=1&keywords=ultrawide+monitor&qid=1620226059&s=pc&sr=1-80
,,,,
,,,,
,,,,
,,,,
,,,,
,,,,
,,,,
,,,,
"ViewSonic VG2455-2K 24 Inch IPS 1440p Monitor with USB 3.1 Type C HDMI DisplayPort and 40 Degree Tilt Ergonomics for Home and Office,Black",$279.99,4.6 out of 5 stars,418,https://www.amazon.com/ViewSonic-VG2455-2K-Monitor-DisplayPort-Ergonomics/dp/B07L55K67Q/ref=sr_1_89?dchild=1&keywords=ultrawide+monitor&qid=1620226059&s=pc&sr=1-89
,,,,
"SAMSUNG 32 inch UJ59 4k monitor (LU32J590UQNXZA) - UHD, 3840 x 2160p, 60hz, 4ms, Dual monitor, laptop monitor, monitor stand / riser / mount compliant, AMD FreeSync, Gaming, HDMI, DP, Black",$319.99,4.5 out of 5 stars,867,https://www.amazon.com/Samsung-U32J590-32-Inch-LED-Lit-Monitor/dp/B07CS3JGPC/ref=sr_1_91?dchild=1&keywords=ultrawide+monitor&qid=1620226059&s=pc&sr=1-91
Nixeus EDG 34” Ultrawide 3440 x 1440 AMD Radeon FreeSync Certified 144Hz 1500R Curved Gaming Monitor with Tilt Only Stand (NX-EDG34S),$549.99,4.5 out of 5 stars,279,https://www.amazon.com/Nixeus-Ultrawide-FreeSync-Certified-NX-EDG34S/dp/B07ZG7R5BB/ref=sr_1_92?dchild=1&keywords=ultrawide+monitor&qid=1620226059&s=pc&sr=1-92
ViewSonic VA2459-SMH 24 Inch IPS 1080p Frameless LED Monitor with HDMI and VGA Inputs,$139.99,4.6 out of 5 stars,"2,523",https://www.amazon.com/ViewSonic-VA2459-SMH-Frameless-Monitor-Inputs/dp/B06XYRWB8J/ref=sr_1_93?dchild=1&keywords=ultrawide+monitor&qid=1620226059&s=pc&sr=1-93
,,,,
"ASUS VG245H 24 inchFull HD 1080p 1ms Dual HDMI Eye Care Console Gaming Monitor with FreeSync/Adaptive Sync, Black, 24-inch",$164.95,4.8 out of 5 stars,"3,466",https://www.amazon.com/VG245H-inchFull-Console-FreeSync-Adaptive/dp/B01JGYM5H6/ref=sr_1_95?dchild=1&keywords=ultrawide+monitor&qid=1620226059&s=pc&sr=1-95
,,,,
,,,,
"Belkin Thunderbolt 3 Dock Pro w/ 2.6ft Thunderbolt 3 Cable (Thunderbolt Dock for MacOS and Windows) Dual 4K @60Hz, 40Gbps Transfer Speeds, 85W Upstream Charging",$299.99,4.0 out of 5 stars,"1,345",https://www.amazon.com/Belkin-Thunderbolt-Transfer-Upstream-Charging/dp/B07YLMJZXB/ref=sr_1_97?dchild=1&keywords=ultrawide+monitor&qid=1620226065&s=pc&sr=1-97
"AOPEN 32HC1QUR Pbidpx 31.5-inch 1800R Curved WQHD (2560 x 1440) Gaming Monitor with AMD Radeon FreeSync Technology (Display, HDMI & DVI Ports)",$345.80,4.5 out of 5 stars,"1,003",https://www.amazon.com/32HC1QUR-Pbidpx-31-5-inch-FreeSync-Technology/dp/B07LCFY3PS/ref=sr_1_98?dchild=1&keywords=ultrawide+monitor&qid=1620226065&s=pc&sr=1-98
,,,,
"""LG 32GK650F-B 32"" QHD Gaming Monitor with 144Hz Refresh Rate and Radeon FreeSync Technology"", Black",$296.99,4.7 out of 5 stars,"2,074",https://www.amazon.com/LG-32GK650F-B-Monitor-FreeSync-Technology/dp/B07FLGR2PN/ref=sr_1_100?dchild=1&keywords=ultrawide+monitor&qid=1620226065&s=pc&sr=1-100
,,,,
,,,,
"Samsung 32 inch S70A 4K UHD (3840x2160) High Resolution Monitor (HDMI & Display Port), HDR10, TUV Certified Intelligent Eye Care (LS32A700NWNXZA)",$389.99,4.3 out of 5 stars,6,https://www.amazon.com/3840x2160-Resolution-Certified-Intelligent-LS32A700NWNXZA/dp/B08V6MNW9P/ref=sr_1_103?dchild=1&keywords=ultrawide+monitor&qid=1620226065&s=pc&sr=1-103
"Acer ED323QUR Abidpx 31.5 Inches WQHD (2560 x 1440) Curved 1800R VA Gaming Monitor with AMD Radeon FREESYNC Technology - 4ms; 144Hz Refresh Rate; Display Port, HDMI Port & DVI Port, Black",$417.99,4.4 out of 5 stars,928,https://www.amazon.com/Acer-ED323QUR-Abidpx-FREESYNC-Technology/dp/B07DR5PG8S/ref=sr_1_104?dchild=1&keywords=ultrawide+monitor&qid=1620226065&s=pc&sr=1-104
"Acer CB272 bmiprx 27"" Full HD (1920 x 1080) IPS Zero Frame Home Office Monitor with AMD Radeon Free Sync - 1ms VRB, 75Hz Refresh, Height Adjustable Stand with Tilt & Pivot (Display, HDMI & VGA ports)",$179.99,4.5 out of 5 stars,"2,272",https://www.amazon.com/Acer-CB272-bmiprx-FreeSync-Technology/dp/B07WMTLW2R/ref=sr_1_105?dchild=1&keywords=ultrawide+monitor&qid=1620226065&s=pc&sr=1-105
"Philips 288E2E 28"" Frameless Monitor, 4K UHD 3840x2160 IPS, 120% sRGB, FreeSync, Speakers, Height Adjustable, VESA, 4Yr Advance Replacement",$309.99,5.0 out of 5 stars,1,https://www.amazon.com/Philips-288E2E-Frameless-Adjustable-Replacement/dp/B08TF58RR4/ref=sr_1_106?dchild=1&keywords=ultrawide+monitor&qid=1620226065&s=pc&sr=1-106
,,,,
"Samsung CF390 Series 27 inch FHD 1920x1080 Curved Desktop Monitor for Business, HDMI, VGA, VESA mountable, 3-Year Warranty, TAA (C27F390FHN), Black",$209.99,4.7 out of 5 stars,"3,174",https://www.amazon.com/Samsung-27-inch-Business-C27F390FHN-LED-Lit/dp/B01IPHVFUI/ref=sr_1_108?dchild=1&keywords=ultrawide+monitor&qid=1620226065&s=pc&sr=1-108
,,,,
,,,,
ViewSonic ELITE XG270QG 27 Inch 1ms 1440p 144hz (165Hz OC) GSYNC Gaming Monitor with IPS Nano Color Elite Design Enhancements and Advanced Ergonomics for Esports,$559.99,4.7 out of 5 stars,"1,246",https://www.amazon.com/ViewSonic-XG270QG-Enhancements-Advanced-Ergonomics/dp/B07VP9GS1Q/ref=sr_1_111?dchild=1&keywords=ultrawide+monitor&qid=1620226065&s=pc&sr=1-111
,,,,
,,,,
"Dell U3421WE UltraSharp Curved USB-C Hub Monitor- 34.14-inch Ultrawide WQHD (3440x1440p at 60Hz) in-Plane Switching Technology, 100mmx100mm VESA Mounting Support, Platinum Silver (Latest Model)",$949.99,4.1 out of 5 stars,4,https://www.amazon.com/Dell-U3421WE-UltraSharp-34-14-inch-100mmx100mm/dp/B08SKYDLLQ/ref=sr_1_114?dchild=1&keywords=ultrawide+monitor&qid=1620226065&s=pc&sr=1-114
"ViewSonic VP2785-4K 27 Inch 4K Monitor USB C 99% AdobeRGB 100% Rec.709 HDR10 14-Bit 3D LUT Color Calibration for Photography and Graphic Design , Black",$899.99,4.4 out of 5 stars,568,https://www.amazon.com/ViewSonic-VP2785-4K-AdobeRGB-Calibration-Photography/dp/B0748DGHSG/ref=sr_1_115?dchild=1&keywords=ultrawide+monitor&qid=1620226065&s=pc&sr=1-115
"2017 Newest Flagship HP 27"" Widescreen IPS LED Full HD Monitor, LED Backlighting, 7ms response time, 178 degrees viewing angles, 10,000,000:1 dynamic contrast ratio, 2 HDMI, VGA Inputs, Natural Silver",$232.36,4.6 out of 5 stars,22,https://www.amazon.com/Flagship-HP-Widescreen-Backlighting-response/dp/B074H9QCDW/ref=sr_1_116?dchild=1&keywords=ultrawide+monitor&qid=1620226065&s=pc&sr=1-116
"Acer Predator XB273K Gpbmiipprzx 27"" UHD (3840 x 2160) IPS NVIDIA G-SYNC Compatible Monitor with VESA Certified DisplayHDR 400, Quantum Dot, 144Hz, DCI-P3 , Delta E<1 (Display Port & HDMI Port), Black",$629.99,4.4 out of 5 stars,371,https://www.amazon.com/Acer-XB273K-Gpbmiipprzx-Compatible-DisplayHDR/dp/B07X5MWMDG/ref=sr_1_117?dchild=1&keywords=ultrawide+monitor&qid=1620226065&s=pc&sr=1-117
,,,,
"HP Newest 27"" Widescreen IPS LED Full HD (1920x1080) Monitor, 5ms Response Time, 10,000,000:1 Contrast Ratio, FreeSync, 2X HDMI and 1x VGA Input, 178° View Angle, 75Hz Refresh Rate, Natural Silver",$195.00,4.6 out of 5 stars,612,https://www.amazon.com/HP-Widescreen-1920x1080-Monitor-Response/dp/B07K4QDNVX/ref=sr_1_119?dchild=1&keywords=ultrawide+monitor&qid=1620226065&s=pc&sr=1-119
"HP V28 4K Monitor - Computer Monitor with 28-inch Diagonal Display, 3840 x 2160 at 60 Hz, and 1ms Response Time - AMD Freesync Technology - Dual HDMI and DisplayPort - Low Blue Light - 8WH57AA#ABA",$295.95,3.6 out of 5 stars,15,https://www.amazon.com/HP-V28-4K-Monitor-DisplayPort/dp/B08G5T5W76/ref=sr_1_120?dchild=1&keywords=ultrawide+monitor&qid=1620226065&s=pc&sr=1-120
,,,,
BenQ EW3270U 32 inch 4K Monitor | With Eye-care Technology,$399.99,4.7 out of 5 stars,"10,902",https://www.amazon.com/BenQ-EW3270U-inch-Monitor-FreeSync/dp/B078HWBGH5/ref=sr_1_122?dchild=1&keywords=ultrawide+monitor&qid=1620226069&s=pc&sr=1-122
,,,,
"Sceptre E275W-19203R 27"" Ultra Thin 1080P LED Monitor 2X HDMI VGA Build-In Speakers, Metallic Black 2018",$139.97,4.5 out of 5 stars,"3,437",https://www.amazon.com/Sceptre-E275W-19203R-Monitor-Speakers-Metallic/dp/B077SRKKHQ/ref=sr_1_124?dchild=1&keywords=ultrawide+monitor&qid=1620226069&s=pc&sr=1-124
"ASUS 24"" 1080P Gaming Monitor (VG248QG) - Full HD, 165Hz (Supports 144Hz), 0.5ms, Extreme Low Motion Blur, Speaker, Adaptive-Sync, G-SYNC Compatible, VESA Mountable, DisplayPort, HDMI, DVI-D , Black",$199.00,4.7 out of 5 stars,"3,205",https://www.amazon.com/VG248QG-G-Sync-Compatible-Gaming-Monitor/dp/B07TNM8L6S/ref=sr_1_125?dchild=1&keywords=ultrawide+monitor&qid=1620226069&s=pc&sr=1-125
,,,,
BenQ ZOWIE XL2411P 24 Inch 144Hz Gaming Monitor / 1080P 1ms / Black eQualizer and Color Vibrance for Competitive Edge / Does not Support 120Hz on console,$199.00,4.7 out of 5 stars,"4,324",https://www.amazon.com/BenQ-XL2411-Equalizer-Vibrance-Competitive/dp/B01H5KKQTM/ref=sr_1_127?dchild=1&keywords=ultrawide+monitor&qid=1620226069&s=pc&sr=1-127
"LG 27UL500-W 27-Inch UHD (3840 x 2160) IPS Monitor with Radeon Freesync Technology and HDR10, White",$345.49,4.7 out of 5 stars,"1,622",https://www.amazon.com/LG-27UL500-W-27-Inch-Freesync-Technology/dp/B07PGL2WVS/ref=sr_1_128?dchild=1&keywords=ultrawide+monitor&qid=1620226069&s=pc&sr=1-128
,,,,
"ViewSonic VA2719-2K-SMHD 27 Inch IPS 2K 1440p Frameless LED Monitor with HDMI and DisplayPort Inputs for Home and Office , Black",$239.99,4.4 out of 5 stars,529,https://www.amazon.com/ViewSonic-VA2719-2K-SMHD-Frameless-Monitor-Inputs/dp/B0749R9Q3J/ref=sr_1_130?dchild=1&keywords=ultrawide+monitor&qid=1620226069&s=pc&sr=1-130
,,,,
"LG 27GL850-B 27 Inch Ultragear QHD Nano IPS 1ms NVIDIA G-Sync Compatible Gaming Monitor, Black",$446.99,4.7 out of 5 stars,"2,013",https://www.amazon.com/LG-27GL850-B-Ultragear-Compatible-Monitor/dp/B07TD94TQF/ref=sr_1_132?dchild=1&keywords=ultrawide+monitor&qid=1620226069&s=pc&sr=1-132
"Acer CB292CU bmiipruzx 29"" UltraWide FHD (2560 x 1080) IPS Zero Frame Monitor | AMD FreeSync Technology | 99% sRGB | 1ms VRB | ErgoStand | 1 x Display Port, 2 x HDMI 2.0, 1 x USB Type-C & USB Ports",$299.99,,,https://www.amazon.com/Acer-CB292CU-bmiipruzx-UltraWide-Technology/dp/B091G24LBG/ref=sr_1_133?dchild=1&keywords=ultrawide+monitor&qid=1620226069&s=pc&sr=1-133
"Acer Predator X38 Pbmiphzx 2300R Curved 37.5"" UltraWide QHD+ (3840 x 1600) Gaming Monitor | NVIDIA G-SYNC | Agile Splendor IPS | Up to 175Hz | DCI-P3 98% | DisplayHDR 400 | Display Port & HDMI, Black","$1,690.90",4.2 out of 5 stars,15,https://www.amazon.com/Acer-X38-Pbmiphzx-UltraWide-DisplayHDR/dp/B08PPR6H2B/ref=sr_1_134?dchild=1&keywords=ultrawide+monitor&qid=1620226069&s=pc&sr=1-134
"Sceptre Curved 27"" 75Hz LED Monitor HDMI VGA Build-In Speakers, EDGE-LESS Metal Black 2019 (C275W-1920RN)",$179.97,4.7 out of 5 stars,"8,040",https://www.amazon.com/Sceptre-Monitor-Speakers-Edge-Less-C275W-1920RN/dp/B07MTRQ6B3/ref=sr_1_135?dchild=1&keywords=ultrawide+monitor&qid=1620226069&s=pc&sr=1-135
"Sceptre Curved 27"" Gaming Monitor up to 165Hz DisplayPort 144Hz HDMI Edge-Less AMD FreeSync Premium, Build-in Speakers Machine Black 2021 (C275B-1858RN)",$239.97,4.8 out of 5 stars,"1,308",https://www.amazon.com/Sceptre-DisplayPort-Edge-Less-FreeSync-C275B-1858RN/dp/B089V2R9WW/ref=sr_1_136?dchild=1&keywords=ultrawide+monitor&qid=1620226069&s=pc&sr=1-136
"ASUS TUF Gaming VG289Q 28” HDR Gaming Monitor 4K (3840 x 2160) IPS FreeSync Eye Care DisplayPort Dual HDMI HDR 10,BLACK",$349.00,4.7 out of 5 stars,570,https://www.amazon.com/ASUS-VG289Q-Monitor-FreeSync-DisplayPort/dp/B0845NXCXF/ref=sr_1_137?dchild=1&keywords=ultrawide+monitor&qid=1620226069&s=pc&sr=1-137
,,,,
"Asus Rog Swift PG35VQ 35” Curved HDR Gaming Monitor 200Hz (3440 X 1440) 2ms G-Sync Ultimate Eye Care DisplayPort HDMI USB Aura Sync HDR10 Display HDR 1000,Black","$2,746.49",4.4 out of 5 stars,152,https://www.amazon.com/PG35VQ-Monitor-Ultimate-DisplayPort-Display/dp/B07VTTZ4TD/ref=sr_1_139?dchild=1&keywords=ultrawide+monitor&qid=1620226069&s=pc&sr=1-139
"LG 24M47VQ 24-Inch LED-lit Monitor, Black",$99.99,4.7 out of 5 stars,"4,020",https://www.amazon.com/LG-24M47VQ-24-Inch-LED-lit-Monitor/dp/B00W95RR32/ref=sr_1_140?dchild=1&keywords=ultrawide+monitor&qid=1620226069&s=pc&sr=1-140
,,,,
"ViewSonic VX2457-MHD 24 Inch 75Hz 2ms 1080p Gaming Monitor with FreeSync Eye Care HDMI and DP, Black",$139.99,4.6 out of 5 stars,"2,204",https://www.amazon.com/ViewSonic-VX2457-MHD-Gaming-Monitor-FreeSync/dp/B018MYTH9U/ref=sr_1_142?dchild=1&keywords=ultrawide+monitor&qid=1620226069&s=pc&sr=1-142
"LG 27UL650-W 27 Inch 4K UHD LED Monitor with VESA DisplayHDR 400, White",$396.99,4.6 out of 5 stars,686,https://www.amazon.com/LG-27UL650-W-Monitor-DisplayHDR-White/dp/B07MKT2BNB/ref=sr_1_143?dchild=1&keywords=ultrawide+monitor&qid=1620226069&s=pc&sr=1-143
,,,,
"Sceptre Curved 49 inch (5120x1440) Dual QHD 32:9 Gaming Monitor up to 120Hz DisplayPort HDMI Build-in Speakers, Gunmetal Black 2021 (C505B-QSN168)","$1,099.98",4.3 out of 5 stars,19,https://www.amazon.com/Sceptre-Curved-inch-5120x1440-Build/dp/B08MVG653F/ref=sr_1_145?dchild=1&keywords=ultrawide+monitor&qid=1620226075&s=pc&sr=1-145
"Acer Predator Z35 35-inch Curved Full HD (2560 x 1080) NVIDIA G-Sync Display, 144Hz, 2x9w speakers, HDMI & DP",$599.99,4.0 out of 5 stars,139,https://www.amazon.com/Acer-Predator-Z35-35-inch-speakers/dp/B01A0FEBXQ/ref=sr_1_146?dchild=1&keywords=ultrawide+monitor&qid=1620226075&s=pc&sr=1-146
BenQ Zowie XL2746S 27 inch 240Hz Gaming Monitor | 1080p 0.5ms | Dynamic Accuracy Plus & Black Equalizer for Competitive Edge | Height Adjustable |120Hz Compatible for PS5 and Xbox Series X,$579.00,4.8 out of 5 stars,82,https://www.amazon.com/BenQ-XL2746S-Equalizer-Competitive-Adjustable/dp/B0846L4JRQ/ref=sr_1_147?dchild=1&keywords=ultrawide+monitor&qid=1620226075&s=pc&sr=1-147
,,,,
"SAMSUNG UH850 Series 31.5 inch 4K QHD 3840x2160 QLED Desktop Monitor for Business, AMD FreeSync, DisplayPort, USB Hub, 3-Year Warranty (U32H850UMN)",$539.98,4.4 out of 5 stars,148,https://www.amazon.com/Samsung-U32H850UMN-Desktop-3840X2160-Warranty/dp/B071Y6SWGT/ref=sr_1_149?dchild=1&keywords=ultrawide+monitor&qid=1620226075&s=pc&sr=1-149
LG 32UL750-W 32 Inch 4K UHD LED Monitor with Vesa Display HDR 600 - Silver,$446.99,3.9 out of 5 stars,246,https://www.amazon.com/LG-32UL750-W-Monitor-Display-Silver/dp/B07NS7JKJH/ref=sr_1_150?dchild=1&keywords=ultrawide+monitor&qid=1620226075&s=pc&sr=1-150
,,,,
"MSI 27” WQHD (2560 x 1440) Non-glare HDR Ready 165Hz 1500R Curvature 1ms 16:9 HDMI/DP/USB AMD FreeSync Height Tilt Adjustment Curved Gaming Monitor (OPTIX MAG272CQR), Black",$369.99,4.7 out of 5 stars,276,https://www.amazon.com/MSI-Non-glare-Ready-165Hz-Curvature/dp/B083L51BXC/ref=sr_1_152?dchild=1&keywords=ultrawide+monitor&qid=1620226075&s=pc&sr=1-152
HP 24mh FHD Monitor - Computer Monitor with 23.8-Inch IPS Display (1080p) - Built-In Speakers and VESA Mounting - Height/Tilt Adjustment for Ergonomic Viewing - HDMI and DisplayPort - (1D0J9AA#ABA),$204.40,4.8 out of 5 stars,"14,485",https://www.amazon.com/HP-24mh-FHD-Monitor-Built/dp/B08BF4CZSV/ref=sr_1_153?dchild=1&keywords=ultrawide+monitor&qid=1620226075&s=pc&sr=1-153
"Acer Gaming Monitor 27” Curved ED273 Abidpx 1920 x 1080 144Hz Refresh Rate G-SYNC Compatible (Display Port, HDMI & DVI Ports) Black",$251.99,4.5 out of 5 stars,"1,375",https://www.amazon.com/Acer-Monitor-Refresh-Compatible-Display/dp/B075KFPJ5C/ref=sr_1_154?dchild=1&keywords=ultrawide+monitor&qid=1620226075&s=pc&sr=1-154
,,,,
"HP V28 4K Monitor - Computer Monitor with 28-inch Diagonal Display, 3840 x 2160 at 60 Hz, and 1ms Response Time - AMD Freesync Technology - Dual HDMI and DisplayPort - Low Blue Light - 8WH57AA#ABA",$295.95,3.6 out of 5 stars,15,https://www.amazon.com/HP-V28-4K-Monitor-DisplayPort/dp/B08G5T5W76/ref=sr_1_156?dchild=1&keywords=ultrawide+monitor&qid=1620226075&s=pc&sr=1-156
"Deco Gear 35"" Curved Ultrawide E-LED Gaming Monitor, 3440x1440 Resolution, 100Hz, 21:9 Aspect Ratio with Mechanical Keyboard, Cherry MX Red Switches, Ergonomic Wrist Pad, 104 Keys, Custom LED Lighting",464.99,,,https://www.amazon.com/Deco-Gear-Ultrawide-3440x1440-Resolution/dp/B0938KML1C/ref=sr_1_157?dchild=1&keywords=ultrawide+monitor&qid=1620226075&s=pc&sr=1-157
,,,,
,,,,
,,,,
,,,,
,,,,
,,,,
"SAMSUNG 27-Inch CRG5 240Hz Curved Gaming Monitor (LC27RG50FQNXZA) – Computer Monitor, 1920 x 1080p Resolution, 4ms Response Time, G-Sync Compatible, HDMI,Black",$328.98,4.7 out of 5 stars,"1,452",https://www.amazon.com/Samsung-27-Inch-Curved-Monitor-LC27RG50FQNXZA/dp/B07TGMC29J/ref=sr_1_164?dchild=1&keywords=ultrawide+monitor&qid=1620226075&s=pc&sr=1-164
,,,,
,,,,
,,,,
"Asus VG278QR 27” Gaming Monitor, 1080P Full HD, 165Hz (Supports 144Hz), G-SYNC Compatible, 0.5ms, Extreme Low Motion Blur, Eye Care, DisplayPort HDMI DVI",$242.99,4.7 out of 5 stars,"4,677",https://www.amazon.com/ASUS-VG278QR-Supports-Compatible-DisplayPort/dp/B07XV1519W/ref=sr_1_168?dchild=1&keywords=ultrawide+monitor&qid=1620226075&s=pc&sr=1-168
ViewSonic VX2776-SMHD 27 Inch 1080p Frameless Widescreen IPS Monitor with HDMI and DisplayPort,$189.99,4.6 out of 5 stars,"1,700",https://www.amazon.com/ViewSonic-VX2776-SMHD-Frameless-Widescreen-DisplayPort/dp/B01GE9QWB6/ref=sr_1_169?dchild=1&keywords=ultrawide+monitor&qid=1620226080&s=pc&sr=1-169
"LG 38GN95B-B 37.5” Nano IPS 1ms QHD (3840x1600) Curved Ultragear Gaming Monitor with 144Hz (175Hz Overclock) Refresh Rate, DisplayHDR 600, NVIDIA G-Sync Compatibility, Black","$1,674.90",3.5 out of 5 stars,7,https://www.amazon.com/LG-38GN95B-B-3840x1600-DisplayHDR-Compatibility/dp/B08CQSQSH9/ref=sr_1_170?dchild=1&keywords=ultrawide+monitor&qid=1620226080&s=pc&sr=1-170
"Lenovo L24q-30 23.8-inch QHD (2560 x 1440) LED Backlit IPS Monitor, FreeSync, Widescreen, 3-Side Narrow Bezels, 75Hz, 4ms, HDMI, DP, Title, VESA Mount, 65FBGCC1US, Raven Black",$259.97,4.2 out of 5 stars,19,https://www.amazon.com/Lenovo-L24q-30-23-8-inch-Widescreen-65FBGCC1US/dp/B089FJS412/ref=sr_1_171?dchild=1&keywords=ultrawide+monitor&qid=1620226080&s=pc&sr=1-171
ASUS VA27EHE 27” Eye Care Monitor Full HD (1920 x 1080) IPS 75Hz Adaptive-Sync HDMI D-Sub Frameless,$145.67,4.7 out of 5 stars,"4,525",https://www.amazon.com/Asus-VA27EHE-Monitor-Black-Frameless/dp/B082BYRR3L/ref=sr_1_172?dchild=1&keywords=ultrawide+monitor&qid=1620226080&s=pc&sr=1-172
,,,,
,,,,
,,,,
"Acer KB272HL bix 27"" Full HD (1920 x 1080) Acer Vision Care VA Monitor with Flicker-less, Blue Light Filter and AMD FREESYNC Technology (HDMI & VGA Port),Black",$154.99,4.7 out of 5 stars,"1,774",https://www.amazon.com/Acer-KB272HL-bix-VisionCare-Flicker-Less/dp/B07QPBXVBQ/ref=sr_1_176?dchild=1&keywords=ultrawide+monitor&qid=1620226080&s=pc&sr=1-176
"ASUS TUF Gaming 32"" 1080P Curved Monitor (VG328H1B) - Full HD, 165Hz (Supports 144Hz), 1ms, Extreme Low Motion Blur, Speaker, Adaptive-Sync, FreeSync Premium, VESA Mountable, HDMI, Tilt Adjustable",$279.00,4.7 out of 5 stars,"2,840",https://www.amazon.com/ASUS-VG328H1B-Supports-Adaptive-sync-FreeSync/dp/B087V5RLFB/ref=sr_1_177?dchild=1&keywords=ultrawide+monitor&qid=1620226080&s=pc&sr=1-177
,,,,
ViewSonic VG2753 27 Inch IPS 1080p Ergonomic Frameless Monitor with HDMI and DisplayPort for Home and Office,$249.99,4.6 out of 5 stars,95,https://www.amazon.com/ViewSonic-VG2753-Ergonomic-Frameless-DisplayPort/dp/B01M58BEUZ/ref=sr_1_179?dchild=1&keywords=ultrawide+monitor&qid=1620226080&s=pc&sr=1-179
,,,,
,,,,
"BenQ EL2870U 28 inch 4K Monitor for Gaming 1ms Response Time, FreeSync, HDR, eye-care, speakers",$299.99,4.7 out of 5 stars,"3,591",https://www.amazon.com/BenQ-EL2870U-Anti-glare-Brightness-Intelligence/dp/B078HWN5CX/ref=sr_1_182?dchild=1&keywords=ultrawide+monitor&qid=1620226080&s=pc&sr=1-182
"AORUS FI27Q-P 27"" 165Hz 1440P HBR3 NVIDIA G-SYNC Compatible IPS Gaming Monitor, Built-in ANC, 2k Display, 1 ms Response Time, HDR, 95% DCI-P3, 1x Display Port 1.4, 2x HDMI 2.0, 2x USB 3.0",$549.99,4.6 out of 5 stars,376,https://www.amazon.com/Gigabyte-Frameless-Accurate-Compatible-Adjustable/dp/B07Z196K8Z/ref=sr_1_183?dchild=1&keywords=ultrawide+monitor&qid=1620226080&s=pc&sr=1-183
,,,,
,,,,
,,,,
,,,,
,,,,
"Samsung SD850 32"" WQHD (2560x1440) 16:9 Aspect Ratio LED-LitMonitor (LS32D85KTSR/ZA) Titanium Silver/matte Black",$340.99,4.5 out of 5 stars,729,https://www.amazon.com/Samsung-LS32D85KTSR-ZA-32-Inch-LED-Lit/dp/B00L3KNOF4/ref=sr_1_189?dchild=1&keywords=ultrawide+monitor&qid=1620226080&s=pc&sr=1-189
,,,,
"ViewSonic VA2446MH-LED 24 Inch Full HD 1080p LED Monitor with HDMI and VGA Inputs for Home and Office,Black",$139.99,4.6 out of 5 stars,"4,282",https://www.amazon.com/ViewSonic-VA2446MH-LED-Monitor-Inputs-Office/dp/B074F28QNS/ref=sr_1_191?dchild=1&keywords=ultrawide+monitor&qid=1620226080&s=pc&sr=1-191
ViewSonic XG3220 32 Inch 60Hz 4K Gaming Monitor with FreeSync HDMI DP Eye Care Advanced Ergonomics and HDR10 for PC and Console Gaming,$476.66,4.5 out of 5 stars,283,https://www.amazon.com/ViewSonic-XG3220-FreeSync-Advanced-Ergonomics/dp/B079S2X4ZS/ref=sr_1_192?dchild=1&keywords=ultrawide+monitor&qid=1620226080&s=pc&sr=1-192
,,,,
,,,,
LG 27GL650F-B 27 Inch Full HD Ultragear G-Sync Compatible Gaming Monitor with 144Hz Refresh Rate and HDR 10 - Black,$293.88,4.7 out of 5 stars,"1,321",https://www.amazon.com/LG-27GL650F-B-Ultragear-Compatible-Monitor/dp/B07R7636MH/ref=sr_1_195?dchild=1&keywords=ultrawide+monitor&qid=1620226087&s=pc&sr=1-195
"LG 22MK430H-B 21.5-Inch Full HD Monitor with AMD FreeSync, Black",$89.99,4.6 out of 5 stars,"1,044",https://www.amazon.com/LG-22MK430H-B-21-5-Inch-Monitor-FreeSync/dp/B07JF8DQZJ/ref=sr_1_196?dchild=1&keywords=ultrawide+monitor&qid=1620226087&s=pc&sr=1-196
"Sceptre Curved 27"" LED Monitor HDMI VGA up to 75Hz Build-in Speakers, Edgeless Machine Black 2021 (C278W-1920RN)",$179.97,4.7 out of 5 stars,239,https://www.amazon.com/Sceptre-Monitor-Speakers-Edgeless-C278W-1920RN/dp/B08FM2MXZC/ref=sr_1_197?dchild=1&keywords=ultrawide+monitor&qid=1620226087&s=pc&sr=1-197
"SAMSUNG LC24F396FHNXZA 23.5"" FHD Curved LED-Lit FreeSync Monitor",$149.99,4.7 out of 5 stars,"5,123",https://www.amazon.com/Samsung-23-5-Inch-LED-Lit-Monitor-LC24F396FHNXZA/dp/B079K3MXWF/ref=sr_1_198?dchild=1&keywords=ultrawide+monitor&qid=1620226087&s=pc&sr=1-198
"AOC 27B2H 27"" Full HD IPS Monitor, 3-Sided Frameless & Ultra Slim Design, HDMI and VGA inputs, Lowblue Mode, VESA compatible,Black",$149.99,4.7 out of 5 stars,"2,213",https://www.amazon.com/AOC-27B2H-Monitor-Frameless-Compatible/dp/B07WVNBY1G/ref=sr_1_199?dchild=1&keywords=ultrawide+monitor&qid=1620226087&s=pc&sr=1-199
,,,,
"ViewSonic VX2252MH 22 Inch 2ms 75Hz 1080p Gaming Monitor with HDMI DVI and VGA Inputs, Black",$119.99,4.7 out of 5 stars,"4,044",https://www.amazon.com/ViewSonic-VX2252MH-Gaming-Monitor-Inputs/dp/B00EZSUWFG/ref=sr_1_201?dchild=1&keywords=ultrawide+monitor&qid=1620226087&s=pc&sr=1-201
"MSI Full HD FreeSync Gaming Monitor 24"" Curved Non-Glare 1ms LED Wide Screen 1920 X 1080 75Hz Refresh Rate (Optix G241VC)",$149.99,4.7 out of 5 stars,555,https://www.amazon.com/MSI-FreeSync-Non-Glare-Optix-G241VC/dp/B07QR7KTG2/ref=sr_1_202?dchild=1&keywords=ultrawide+monitor&qid=1620226087&s=pc&sr=1-202
"ASUS VA27DQSB 27” Monitor, 1080P Full HD, 75Hz, IPS, Adaptive-Sync, Eye Care, HDMI DisplayPort VGA USB Hub, Frameless, Ergonomic Design, VESA Wall Mountable, Black",$186.99,4.7 out of 5 stars,"1,331",https://www.amazon.com/ASUS-VA27DQSB-Adaptive-Sync-DisplayPort-Frameless/dp/B08C63NR1V/ref=sr_1_203?dchild=1&keywords=ultrawide+monitor&qid=1620226087&s=pc&sr=1-203
"LG 34LG Monitor, 2560 x 1080, 21: 9 Ips, FreeSync, Display port, 34BL650-B,Black",$328.99,4.6 out of 5 stars,31,https://www.amazon.com/LG-34LG-Monitor-2560-1080/dp/B07RBYBKZ4/ref=sr_1_204?dchild=1&keywords=ultrawide+monitor&qid=1620226087&s=pc&sr=1-204
,,,,
,,,,
"ASUS TUF Gaming 27"" 2K HDR Gaming Monitor (VG27AQ) - WQHD (2560 x 1440), 165Hz (Supports 144Hz), 1ms, Extreme Low Motion Blur, Speaker, G-SYNC Compatible, VESA Mountable, DisplayPort, HDMI",$409.99,4.7 out of 5 stars,"1,640",https://www.amazon.com/ASUS-Gaming-VG27AQ-G-SYNC-Monitor/dp/B07WQ4FXY9/ref=sr_1_207?dchild=1&keywords=ultrawide+monitor&qid=1620226087&s=pc&sr=1-207
,,,,
,,,,
,,,,
,,,,
,,,,
,,,,
,,,,
,,,,
,,,,
,,,,
,,,,
,,,,
,,,,
"ASUS VG279Q 27"" Full HD 1080p IPS 144Hz 1ms (MPRT) DP HDMI DVI Eye Care Gaming Monitor with FreeSync/Adaptive Sync",$289.00,4.7 out of 5 stars,990,https://www.amazon.com/ASUS-VG279Q-Monitor-FreeSync-Adaptive/dp/B07KXHTRT5/ref=sr_1_221?dchild=1&keywords=ultrawide+monitor&qid=1620226092&s=pc&sr=1-221
,,,,
"MSI 24” FHD (1920 x 1080) Non-Glare with Super Narrow Bezel 144Hz 1ms 16:9 HDMI/DP AMD Radeon FreeSync IPS Gaming Monitor (OPTIX G241), Black",$189.99,4.7 out of 5 stars,446,https://www.amazon.com/MSI-Non-Glare-Super-Narrow-Bezel/dp/B083K17XLH/ref=sr_1_223?dchild=1&keywords=ultrawide+monitor&qid=1620226092&s=pc&sr=1-223
,,,,
,,,,
"New! 15.6Inch Portable Monitor, TeNizo 1080P IPS HDR Computer Gaming Display, Stereo Speakers, for Laptop PC MAC Windows Phone PS4 Xbox, Include Smart Case, 3 x USB C, Plug-n-Play for iPhone Computer",$179.97,3.5 out of 5 stars,8,https://www.amazon.com/15-6Inch-Portable-TeNizo-Computer-Plug-n-Play/dp/B08HGHK8X4/ref=sr_1_226?dchild=1&keywords=ultrawide+monitor&qid=1620226092&s=pc&sr=1-226
,,,,
"Acer G276HL Kbix 27"" Full HD (1920 x 1080) VA Zero Frame Monitor (HDMI & VGA Ports)",$229.48,4.7 out of 5 stars,"1,071",https://www.amazon.com/Acer-G276HL-Kbix-Frame-Monitor/dp/B0742D9CDX/ref=sr_1_228?dchild=1&keywords=ultrawide+monitor&qid=1620226092&s=pc&sr=1-228
"Lenovo C27-20 27-Inch WLED Monitor, FHD, IPS, FreeSync, 75Hz, 4ms, HDMI, VGA, Ergonomic Design, 65F6KCC1US, Black",$155.21,4.7 out of 5 stars,157,https://www.amazon.com/Lenovo-C27-20-FreeSync-Ergonomic-65F6KCC1US/dp/B084R38GNV/ref=sr_1_229?dchild=1&keywords=ultrawide+monitor&qid=1620226092&s=pc&sr=1-229
,,,,
,,,,
"BenQ EX3203R 32 inch 144Hz Curved Gaming Monitor | WQHD (2560 x 1440) | FreeSync 2 | DisplayHDR 400 (31.5"" Display)",$489.99,4.5 out of 5 stars,303,https://www.amazon.com/BenQ-EX3203R-Monitor-FreeSync-DisplayHDR/dp/B07DPVRZXG/ref=sr_1_232?dchild=1&keywords=ultrawide+monitor&qid=1620226092&s=pc&sr=1-232
,,,,
,,,,
,,,,
"ViewSonic VA2252SM 22 Inch 1080p LED Monitor DisplayPort DVI and VGA Inputs for Home and Office,Black",$129.99,4.6 out of 5 stars,995,https://www.amazon.com/ViewSonic-VA2252SM-Monitor-DisplayPort-Inputs/dp/B010BEDV7S/ref=sr_1_236?dchild=1&keywords=ultrawide+monitor&qid=1620226092&s=pc&sr=1-236
,,,,
HP 2XN62AA 27-inch Full HD 1920 x 1080 IPS Backlit LED Micro-Edge VGA HDMI Display,$239.97,4.7 out of 5 stars,"1,872",https://www.amazon.com/HP-Display-Ultra-Slim-Backlit-Micro-Edge/dp/B07CPCHSV5/ref=sr_1_238?dchild=1&keywords=ultrawide+monitor&qid=1620226092&s=pc&sr=1-238
,,,,
"HP Newest 27"" Widescreen IPS LED Full HD (1920 x 1080) Monitor, 10,000,000:1 Contrast Ratio, 5 ms Response Time, FreeSync, 2X HDMI and 1x VGA Input, 178° View Angle, 75Hz Refresh Rate, Natural Silver",$194.99,4.7 out of 5 stars,58,https://www.amazon.com/HP-Newest-Widescreen-Full-Monitor/dp/B07H4ZXCC3/ref=sr_1_240?dchild=1&keywords=ultrawide+monitor&qid=1620226092&s=pc&sr=1-240
,,,,
,,,,
"Acer Nitro VG270K bmiipx 27"" 4K UHD (3840 x 2160) IPS Monitor with AMD Radeon Freesync Technology, HDR Ready, 1ms VRB, (2 x HDMI 2.0 Ports & 1 x Display Port),Black",$329.99,4.6 out of 5 stars,"3,735",https://www.amazon.com/Acer-VG270K-bmiipx-Freesync-Technology/dp/B07X97YWKZ/ref=sr_1_243?dchild=1&keywords=ultrawide+monitor&qid=1620226096&s=pc&sr=1-243
,,,,
"BenQ BL2283 21.5"" Full HD 16:9 IPS Business Monitor with Eye-Care Technology, Built-in Speakers, Black",$137.99,5.0 out of 5 stars,1,https://www.amazon.com/BenQ-BL2283-21-5-Full-Built/dp/B07NFFG123/ref=sr_1_245?dchild=1&keywords=ultrawide+monitor&qid=1620226096&s=pc&sr=1-245
,,,,
,,,,
,,,,
,,,,
,,,,
BenQ EW3280U 32 inch 4K Monitor | IPS | Multi Media with HDMI connectivity HDR Eye-Care Integrated Speakers and Custom Audio Modes,$699.99,4.3 out of 5 stars,276,https://www.amazon.com/BenQ-EW3280U-Entertainment-connectivity-Speakers/dp/B081V1M5CR/ref=sr_1_251?dchild=1&keywords=ultrawide+monitor&qid=1620226096&s=pc&sr=1-251
,,,,
"HP 24m 24-inch Class (23.8) 1920x1080 Full HD IPS Ultra Thin Monitor (HDMI, VGA)",$142.48,5.0 out of 5 stars,11,https://www.amazon.com/HP-24m-24-inch-1920x1080-Monitor/dp/B083F4WCBM/ref=sr_1_253?dchild=1&keywords=ultrawide+monitor&qid=1620226096&s=pc&sr=1-253
Dell U-Series 38in Screen LED-Lit Monitor (U3818DW) (Renewed),"$1,020.27",4.6 out of 5 stars,17,https://www.amazon.com/Dell-LED-Lit-Monitor-Certified-Refurbished/dp/B07C5BPCRG/ref=sr_1_254?dchild=1&keywords=ultrawide+monitor&qid=1620226096&s=pc&sr=1-254
,,,,
"ViewSonic VG2860MHL-4K 28 Inch 4K UHD Ergonomic Monitor with HDMI and DisplayPort for Home and Office, Black",$447.23,4.0 out of 5 stars,61,https://www.amazon.com/ViewSonic-VG2860MHL-4K-Ergonomic-Monitor-DisplayPort/dp/B00SHZSWC8/ref=sr_1_256?dchild=1&keywords=ultrawide+monitor&qid=1620226096&s=pc&sr=1-256
,,,,
,,,,
,,,,
"Planar PZN2710Q 27"" Quad HD USB-C Monitor with Integrated USB-C Docking Station, Black",$392.99,,,https://www.amazon.com/Planar-PZN2710Q-Monitor-Integrated-Docking/dp/B08PK6M8TW/ref=sr_1_260?dchild=1&keywords=ultrawide+monitor&qid=1620226096&s=pc&sr=1-260
"SAMSUNG 27-Inch T70 WQHD Monitor with IPS Panel (LF27T700QQNXZA, 2020), Black",$279.99,3.7 out of 5 stars,4,https://www.amazon.com/SAMSUNG-27-Inch-Monitor-Panel-LF27T700QQNXZA/dp/B08NFG4FNB/ref=sr_1_261?dchild=1&keywords=ultrawide+monitor&qid=1620226096&s=pc&sr=1-261
,,,,
,,,,
"Acer R271 bid 27-inch IPS Full HD (1920 x 1080) Display (VGA, DVI & HDMI Ports),Black",$169.99,4.6 out of 5 stars,716,https://www.amazon.com/Acer-R271-bid-27-inch-Display/dp/B01DM2D8TW/ref=sr_1_264?dchild=1&keywords=ultrawide+monitor&qid=1620226096&s=pc&sr=1-264
"HP Pavilion 27-inch FHD IPS Monitor with LED Backlight (27xw, Snow White and Natural Silver) & AmazonBasics High-Speed 4K HDMI Cable, 6 Feet, 1-Pack",206.98,5.0 out of 5 stars,1,https://www.amazon.com/HP-Pavilion-Backlight-AmazonBasics-High-Speed/dp/B07TXDGRFQ/ref=sr_1_265?dchild=1&keywords=ultrawide+monitor&qid=1620226102&s=pc&sr=1-265
"Monoprice 27in CrystalPro Monitor - 4K UHD, 2560x1440p, 60Hz, DisplayHDR 400, Height Adjustable Stand, IPS - Home, Office, Business, Student Use",$359.99,3.7 out of 5 stars,10,https://www.amazon.com/Monoprice-Inch-Crystalpro-IPS-Monitor/dp/B07PGJVH21/ref=sr_1_266?dchild=1&keywords=ultrawide+monitor&qid=1620226102&s=pc&sr=1-266
,,,,
,,,,
,,,,
"MSI 24.5” FHD (1920 x 1080) Non-glare with Super Narrow Bezel 240Hz 1ms 16:9 HDMI/DP/USB Height Adjustment G-Sync Compatible IPS Gaming Monitor (OPTIX MAG251RX),Black",$358.99,4.5 out of 5 stars,144,https://www.amazon.com/MSI-Non-glare-Super-Narrow-Bezel/dp/B083K13KGM/ref=sr_1_270?dchild=1&keywords=ultrawide+monitor&qid=1620226102&s=pc&sr=1-270
"Deco Gear 49"" Curved Ultrawide E-LED Gaming Monitor, 32:9 Aspect Ratio, Immersive 3840x1080 Resolution, 144Hz, 3000:1 with Deco Gear Mechanical Gaming Keyboard with Cherry MX Red Switches, 104 Keys",869.99,,,https://www.amazon.com/Deco-Gear-Curved-Ultrawide-Monitor/dp/B093QRVCWL/ref=sr_1_271?dchild=1&keywords=ultrawide+monitor&qid=1620226102&s=pc&sr=1-271
"Acer Predator XB271HU Abmiprz 27-inch WQHD (2560x1440) NVIDIA G-SYNC Monitor (Display Port & HDMI Port, 144Hz),Black",$564.19,4.5 out of 5 stars,496,https://www.amazon.com/Acer-Predator-XB271HU-Abmiprz-2560x1440/dp/B01N11QIYW/ref=sr_1_272?dchild=1&keywords=ultrawide+monitor&qid=1620226102&s=pc&sr=1-272
"Deco Gear 43"" Curved Ultrawide E-LED Gaming Monitor, 32:10, Immersive 3840x1200, 120Hz, 3000:1 and Mechanical Gaming Keyboard with Cherry MX Red Switches, RGB Lighting, 104 Keys, Custom Settings",749.99,,,https://www.amazon.com/Deco-Gear-Curved-Ultrawide-Monitor/dp/B093RCX557/ref=sr_1_273?dchild=1&keywords=ultrawide+monitor&qid=1620226102&s=pc&sr=1-273
ASUS Designo MX27UC 27” Monitor 4K UHD IPS DP HDMI USB Type-C Eye Care Monitor with Adaptive Sync,$529.23,3.4 out of 5 stars,153,https://www.amazon.com/Designo-MX27UC-Type-C-Monitor-Adaptive/dp/B06XPJYVF2/ref=sr_1_274?dchild=1&keywords=ultrawide+monitor&qid=1620226102&s=pc&sr=1-274
"Dell P2720DC 27"" 16:9 IPS Monitor, 2560 x 1440, 60 Hz Refresh Rate, HDMI, DisplayPort",$452.72,,,https://www.amazon.com/Dell-P2720DC-27-16-DisplayPort/dp/B08CBP614F/ref=sr_1_275?dchild=1&keywords=ultrawide+monitor&qid=1620226102&s=pc&sr=1-275
,,,,
,,,,
,,,,
,,,,
,,,,
,,,,
,,,,
,,,,
,,,,
,,,,
,,,,
NEC EA231WU-BK 23 WUXGA Business-Class Widescreen Desktop Monitor with Ultra-Narrow Bezel,$249.00,,More Buying Choices,https://www.amazon.com/NEC-EA231WU-BK-Business-Class-Widescreen-Ultra-Narrow/dp/B07NQPKCCT/ref=sr_1_287?dchild=1&keywords=ultrawide+monitor&qid=1620226102&s=pc&sr=1-287
"BenQ EX3501R 21:9 Ultrawide Curved QHD Monitor & e-Reading LED Desk Lamp with Swing Arm, Auto-Dimming and Hue Adjustment, No Screen Glare, Eye Care - Silver (AR15_D Silver)",878.98,,,https://www.amazon.com/BenQ-EX3501R-Reading-Auto-Dimming-Adjustment/dp/B08P6M5TDY/ref=sr_1_288?dchild=1&keywords=ultrawide+monitor&qid=1620226102&s=pc&sr=1-288
,,,,
,,,,
,,,,
,,,,
"Deco Gear 34"" 3440x1440 21:9 Ultrawide Curved Monitor, 144Hz, HDR10, 4000:1, 6ms, 99% sRGB with Mechanical Gaming Keyboard with Cherry MX Red Switches, Custom RGB Lighting, 104 Keys, Plug-n-Play",489.98,,,https://www.amazon.com/dp/B0945T2PBW/ref=sr_1_293?dchild=1&keywords=ultrawide+monitor&qid=1620226107&s=pc&sr=1-293
UltraWide Monitor,$499.99,,,https://www.amazon.com/LG-34WP65C-B-UltraWide-Monitor/dp/B093TB6HZH/ref=sr_1_294?dchild=1&keywords=ultrawide+monitor&qid=1620226107&s=pc&sr=1-294
,,,,
"HP EliteDisplay E273m 27 Inch LED Backlit IPS Monitor 2-Pack with Built in Speakers and Webcam, FHD 1920 x 1080 (1FH51A8#ABA)",$799.00,3.5 out of 5 stars,8,https://www.amazon.com/HP-EliteDisplay-Backlit-Monitor-Speakers/dp/B081411HCD/ref=sr_1_296?dchild=1&keywords=ultrawide+monitor&qid=1620226107&s=pc&sr=1-296
,,,,
"Dell P1917S 48cm (18.9"") LCD/LED Monitor - Black",$230.19,4.1 out of 5 stars,8,https://www.amazon.com/Dell-P1917S-48cm-18-9-Monitor/dp/B01G3459GG/ref=sr_1_298?dchild=1&keywords=ultrawide+monitor&qid=1620226107&s=pc&sr=1-298
,,,,
Sceptre C275B-144R 27-Inch Curved Gaming Monitor 1920x1080p 144Hz AMD Freesync RTS-FPS DisplayPort HDMI DVI Metal Black,$276.48,4.6 out of 5 stars,"1,228",https://www.amazon.com/Sceptre-C275B-144R-1920x1080p-Freesync-DisplayPort/dp/B07BVW5TV5/ref=sr_1_300?dchild=1&keywords=ultrawide+monitor&qid=1620226107&s=pc&sr=1-300
"ASUS ROG Swift PG279Q 27"" Gaming Monitor, 1440P WQHD (2560 x 1440), IPS, 165Hz (Supports 144Hz), G-SYNC, Eye Care, DisplayPort Adjustable Ergonomic","$1,129.38",4.4 out of 5 stars,"4,283",https://www.amazon.com/PG279Q-DisplayPort-Adjustable-Ergonomic-EyeCare/dp/B017EVR2VM/ref=sr_1_301?dchild=1&keywords=ultrawide+monitor&qid=1620226107&s=pc&sr=1-301
,,,,
,,,,
"ViewSonic 32"" 1080p Frameless IPS Monitor with Screen Split Capability HDMI and DisplayPort (VX3276-MHD) & AmazonBasics High-Speed 4K HDMI Cable, 6 Feet, 1-Pack",249.03,4.5 out of 5 stars,2,https://www.amazon.com/ViewSonic-Capability-DisplayPort-VX3276-MHD-AmazonBasics/dp/B07TT6BRX7/ref=sr_1_304?dchild=1&keywords=ultrawide+monitor&qid=1620226107&s=pc&sr=1-304
,,,,
,,,,
"Dell U2717D IPS 27"" UltraSharp InfinityEdge Slim Widescreen LED LCD Monitor VESA",$619.00,4.4 out of 5 stars,251,https://www.amazon.com/Dell-U2717D-UltraSharp-InfinityEdge-Widescreen/dp/B01D402Z28/ref=sr_1_307?dchild=1&keywords=ultrawide+monitor&qid=1620226107&s=pc&sr=1-307
,,,,
,,,,
,,,,
"AOC Agon AG271UG 27” Gaming Monitor, G-SYNC, 4k/ UHD (3840x2160), IPS Panel, 60Hz, 4ms, Height Adjustable, DisplayPort, HDMI, USB",$799.99,3.9 out of 5 stars,110,https://www.amazon.com/AOC-AG271UG-3840x2160-Adjustable-DisplayPort/dp/B06X9SB8XC/ref=sr_1_311?dchild=1&keywords=ultrawide+monitor&qid=1620226107&s=pc&sr=1-311
,,,,
V323-3 32” LED LCD Public Display Monitor 1920x1080 (FHD)  Slim Depth,$457.58,,,https://www.amazon.com/V323-3-Public-Display-Monitor-1920x1080/dp/B07RFV3B3R/ref=sr_1_313?dchild=1&keywords=ultrawide+monitor&qid=1620226111&s=pc&sr=1-313
"LG 32BL75U-W 32"" LED LCD Monitor - 16: 9-3840 x 2160-4K UHD - Speakers - HDMI - DisplayPort - White - Epeat Gold,Black",$582.00,4.3 out of 5 stars,12,https://www.amazon.com/LG-32BL75U-W-LED-LCD-Monitor/dp/B07NP7Y6ZV/ref=sr_1_314?dchild=1&keywords=ultrawide+monitor&qid=1620226111&s=pc&sr=1-314
"AGNEOVO SC-24E 23.8 inch FHD 1920 x 1080 5ms LCD Monitor, w/Speakers (Black)",$199.99,3.0 out of 5 stars,1,https://www.amazon.com/AGNEOVO-SC-24E-Monitor-Speakers-Black/dp/B07WRF78MG/ref=sr_1_315?dchild=1&keywords=ultrawide+monitor&qid=1620226111&s=pc&sr=1-315
,,,,
,,,,
"NEC V404 40 inch LED LCD Pub Display Monitor 1920X1080 (FHD), 500NITS, Anti-Glare, HDMI 2.0 X2, DP 1.2 X 2/Out, OPS Slot, RPI cm Compatible, INT. Media Player, LAN Daisy Chain, INT. SPKRS, 3YR W",$918.19,,,https://www.amazon.com/NEC-DISPLAY-1920X1080-ANTI-GLARE-COMPATIBLE/dp/B07GD4C2Z4/ref=sr_1_318?dchild=1&keywords=ultrawide+monitor&qid=1620226111&s=pc&sr=1-318
"Samsung C27HG70 27"" HDR QLED 144Hz 1ms Curved Gaming Monitor with FreeSync (C27HG70QQN)",$510.73,4.3 out of 5 stars,"1,387",https://www.amazon.com/Samsung-C27HG70-27-Inch-Monitor-C27HG70QQN/dp/B06XSQ5QN8/ref=sr_1_319?dchild=1&keywords=ultrawide+monitor&qid=1620226111&s=pc&sr=1-319
,,,,
,,,,
"27"" HP 27fh Dual HDMI/VGA 1080p Widescreen Ultra-Slim LED IPS LCD Monitor w/AMD FreeSync",$349.00,4.6 out of 5 stars,495,https://www.amazon.com/HP-Display-Ultra-Slim-Monitor-Height/dp/B07H9MPZPK/ref=sr_1_322?dchild=1&keywords=ultrawide+monitor&qid=1620226111&s=pc&sr=1-322
,,,,
,,,,
,,,,
,,,,
,,,,
,,,,
,,,,
"Acer Predator XB273K Sbmiprzx 27"" UHD (3840 x 2160) IPS NVIDIA G-SYNC Monitor, VESA Certified DisplayHDR 400, Quantum Dot, 144Hz, 4ms, DCI-P3, Delta E<2 (1 x Display Port & 1 x HDMI Port),Black","$1,149.99",4.3 out of 5 stars,49,https://www.amazon.com/Acer-XB273K-Sbmiprzx-Certified-DisplayHDR/dp/B07X962HL8/ref=sr_1_330?dchild=1&keywords=ultrawide+monitor&qid=1620226111&s=pc&sr=1-330
,,,,
"NEC EA241F-H-BK 24 Full HD Business-Class Widescreen Desktop Monitor with Ultra-Narrow Bezel, NO S",$299.00,,,https://www.amazon.com/NEC-EA241F-H-BK-Business-Class-Widescreen-Ultra-Narrow/dp/B07NQQYT82/ref=sr_1_332?dchild=1&keywords=ultrawide+monitor&qid=1620226111&s=pc&sr=1-332
"Dell P1914S Black 19-inch 1280 x 1024, 8ms (GTG) LED Backlight Height, Pivot, Swivel, Tilt LCD Monitor, IPS 250 cd/m2 1000:1",$248.99,4.1 out of 5 stars,50,https://www.amazon.com/Dell-P1914S-19-inch-Backlight-Monitor/dp/B00FZ2AQOI/ref=sr_1_333?dchild=1&keywords=ultrawide+monitor&qid=1620226111&s=pc&sr=1-333
"Samsung UM46N-E 46"" 1080p LED Commercial videowall Display, 500 nits","$2,074.06",,,https://www.amazon.com/Samsung-UM46N-Commercial-videowall-Display/dp/B07QBZCQJF/ref=sr_1_334?dchild=1&keywords=ultrawide+monitor&qid=1620226111&s=pc&sr=1-334
NEC EA241F-BK 24 Full HD Business-Class Widescreen Desktop Monitor with Ultra-Narrow Bezel,$249.00,,More Buying Choices,https://www.amazon.com/NEC-EA241F-BK-Business-Class-Widescreen-Ultra-Narrow/dp/B07NQRJDSJ/ref=sr_1_335?dchild=1&keywords=ultrawide+monitor&qid=1620226111&s=pc&sr=1-335
,,,,
,,,,
,,,,
,,,,
,,,,
,,,,
"LG Electronics 38"" Screen LCD Monitor (38CK950N-1C),Black","$1,374.30",3.0 out of 5 stars,1,https://www.amazon.com/LG-Electronics-Screen-Monitor-38CK950N-1C/dp/B07JPGKHKT/ref=sr_1_342?dchild=1&keywords=ultrawide+monitor&qid=1620226116&s=pc&sr=1-342
,,,,
,,,,
,,,,
"LG 34"" 34BN780-B IPS 3440X1440 UltraWide Display Ergo",$519.99,,,https://www.amazon.com/LG-34BN780-B-3440X1440-UltraWide-Display/dp/B08XYGBLK2/ref=sr_1_346?dchild=1&keywords=ultrawide+monitor&qid=1620226116&s=pc&sr=1-346
,,,,
,,,,
,,,,
,,,,
,,,,
UPERFECT Portable Monitor,619.99,,,https://www.amazon.com/UPERFECT-Portable-Monitor/dp/B08GYP56RJ/ref=sr_1_352?dchild=1&keywords=ultrawide+monitor&qid=1620226116&s=pc&sr=1-352
,,,,
,,,,
,,,,
,,,,
Docooler Onebot LED Curved Gaming Monitor DVI HDMI Ports & DisplayPort 1800R immersive Curvature,$616.99,,,https://www.amazon.com/Docooler-Monitor-DisplayPort-immersive-Curvature/dp/B07DXQSB8G/ref=sr_1_357?dchild=1&keywords=ultrawide+monitor&qid=1620226116&s=pc&sr=1-357
,,,,
"LG 34GL750-B 34 Inch 21: 9 Ultragear Curved Wfhd (2560 X 1080) Monitor,Black & Intel Core i7-9700K Desktop Processor 8 Cores up to 4.9 GHz Turbo Unlocked LGA1151 300 Series 95W",767.98,,,https://www.amazon.com/LG-34GL750-B-Inch-Ultragear-Processor/dp/B08S8KNBFT/ref=sr_1_359?dchild=1&keywords=ultrawide+monitor&qid=1620226116&s=pc&sr=1-359
,,,,
,,,,
,,,,
"Acer XB240H Bbmjdpr UM.FX0AA.B01 24 - Inch Monitor, Black",$306.07,3.3 out of 5 stars,2,https://www.amazon.com/Acer-XB240H-Bbmjdpr-UM-FX0AA-B01-24/dp/B074DQVPXV/ref=sr_1_363?dchild=1&keywords=ultrawide+monitor&qid=1620226123&s=pc&sr=1-363
,,,,
"NEC 34 MultiSync Curved SVA (EX341R-BK-SV),Black",$901.11,,,https://www.amazon.com/NEC-MultiSync-Curved-SVA-EX341R-BK-SV/dp/B06W55GF55/ref=sr_1_365?dchild=1&keywords=ultrawide+monitor&qid=1620226123&s=pc&sr=1-365
,,,,
Zamtac HDMI to MIPI LCD Controller Board with 5.5inch LS055R1SX0?4 1440x2560 IPS LCD Screen,$188.69,,,https://www.amazon.com/Zamtac-Controller-5-5inch-LS055R1SX0-1440x2560/dp/B07QFKGBFG/ref=sr_1_367?dchild=1&keywords=ultrawide+monitor&qid=1620226123&s=pc&sr=1-367
,,,,
,,,,
,,,,
,,,,
,,,,
VP229Q 21.5IN WLED/IPS1920X1080,$151.23,,,https://www.amazon.com/ASUSTEK-DISPLAYS-90LM06B3-B02370-VP229Q-IPS1920X1080/dp/B08H5GF9XB/ref=sr_1_373?dchild=1&keywords=ultrawide+monitor&qid=1620226123&s=pc&sr=1-373
"Monoprice 32 Inch QHD Gaming Monitor | with AMD FreeSync Technology, HDR 2560x1440p @ 60Hz, Versatile Inputs, HDMI, DisplayPort & DVI-D, Vessa Compatible",$323.98,3.0 out of 5 stars,16,https://www.amazon.com/Monoprice-Technology-2560x1440p-DisplayPort-Compatible/dp/B07JWCJT32/ref=sr_1_374?dchild=1&keywords=ultrawide+monitor&qid=1620226123&s=pc&sr=1-374
